labeled_tile_id,true_group,tile_id,cl_png,image_height,image_width,grid_rows,grid_cols,unknown_pixels_total,c0_tumor,c0_stroma,c0_immune_cells,c0_necrosis,c0_other,c0_ignore,c1_tumor,c1_stroma,c1_immune_cells,c1_necrosis,c1_other,c1_ignore,c2_tumor,c2_stroma,c2_immune_cells,c2_necrosis,c2_other,c2_ignore,c3_tumor,c3_stroma,c3_immune_cells,c3_necrosis,c3_other,c3_ignore,c4_tumor,c4_stroma,c4_immune_cells,c4_necrosis,c4_other,c4_ignore,c5_tumor,c5_stroma,c5_immune_cells,c5_necrosis,c5_other,c5_ignore,c6_tumor,c6_stroma,c6_immune_cells,c6_necrosis,c6_other,c6_ignore,c7_tumor,c7_stroma,c7_immune_cells,c7_necrosis,c7_other,c7_ignore,c8_tumor,c8_stroma,c8_immune_cells,c8_necrosis,c8_other,c8_ignore,contrast_lr_tumor,contrast_tb_tumor,contrast_strip_lr_tumor,contrast_strip_tb_tumor,contrast_lr_stroma,contrast_tb_stroma,contrast_strip_lr_stroma,contrast_strip_tb_stroma,contrast_lr_immune_cells,contrast_tb_immune_cells,contrast_strip_lr_immune_cells,contrast_strip_tb_immune_cells,contrast_lr_necrosis,contrast_tb_necrosis,contrast_strip_lr_necrosis,contrast_strip_tb_necrosis,contrast_lr_other,contrast_tb_other,contrast_strip_lr_other,contrast_strip_tb_other,contrast_lr_ignore,contrast_tb_ignore,contrast_strip_lr_ignore,contrast_strip_tb_ignore,cellspread_tumor_maxmin,cellspread_tumor_std,cellspread_tumor_iqr,cellspread_ignore_maxmin,cellspread_ignore_std,cellspread_ignore_iqr,cellspread_necrosis_maxmin,cellspread_necrosis_std,cellspread_necrosis_iqr
JN_TS_001_bg_tile_12883_7423,bg,JN_TS_001_tile_12883_7423,/mnt/c/Apps/QuPath-v0.6.0-Windows/projects/JN_HandE_QuPath/tiles_manual/JN_TS_001/JN_TS_001_tile_12883_7423_cl.png,7921,7921,3,3,0,0.0143625172,0.0740705349,0.0105490989,0.1334920225,0.1877555383,0.5797702881,0.0110693264,0.0607546499,0.0091084071,0.1097882460,0.1948307861,0.6144485847,0.0138639233,0.0672034263,0.0099301251,0.1389556072,0.1709105257,0.5991363923,0.0178033172,0.0819924443,0.0105953037,0.1415806111,0.2465808693,0.5014474545,0.0123435798,0.0661026331,0.0086781409,0.1125726733,0.2054971260,0.5948058469,0.0158891547,0.0781315617,0.0119067904,0.1681628860,0.2124305819,0.5134790254,0.0142573462,0.0716181703,0.0100312787,0.1074542298,0.1886118285,0.6080271465,0.0159108120,0.0725359425,0.0121993793,0.1113550308,0.2006269147,0.5873719206,0.0166633666,0.0810177055,0.0114385331,0.1660894456,0.1941785755,0.5306123737,0.0000022453,0.0025119193,0.0000022453,0.0025119193,0.0004428187,0.0077144024,0.0004428187,0.0077144024,0.0006999224,0.0013605200,0.0006999224,0.0013605200,0.0302270251,0.0008876102,0.0302270251,0.0008876102,0.0151428510,0.0099734895,0.0151428510,0.0099734895,0.0153390325,0.0224479414,0.0153390325,0.0224479414,0.0067339908,0.0021244656,0.0020468887,0.1130011302,0.0429077631,0.0685240186,0.0607086562,0.0237473633,0.0302255803
JN_TS_001_bg_tile_19702_7361,bg,JN_TS_001_tile_19702_7361,/mnt/c/Apps/QuPath-v0.6.0-Windows/projects/JN_HandE_QuPath/tiles_manual/JN_TS_001/JN_TS_001_tile_19702_7361_cl.png,7921,7921,3,3,0,0.0151749024,0.0787345041,0.0123681416,0.2326760503,0.1786146981,0.4824317034,0.0133041892,0.0726344762,0.0119882563,0.2104276388,0.1750982468,0.5165471929,0.0083100895,0.0382059229,0.0086439681,0.1129686065,0.1088567493,0.7230146637,0.0172872707,0.0803682891,0.0136181485,0.2261862759,0.1815158400,0.4810241759,0.0148590349,0.0832581947,0.0101841164,0.2404658947,0.1888234366,0.4624093228,0.0149330775,0.0744823758,0.0107735821,0.2354431288,0.1748052276,0.4895626083,0.0069870581,0.0298496327,0.0069662534,0.0958125287,0.1102147899,0.7501697371,0.0172420915,0.0869783599,0.0131140064,0.2432627104,0.2039368983,0.4354659335,0.0152779213,0.0786365071,0.0136814164,0.2109606003,0.1941015266,0.4873420282,0.0003093810,0.0009059632,0.0003093810,0.0009059632,0.0007907933,0.0019631989,0.0007907933,0.0019631989,0.0000488077,0.0002537701,0.0000488077,0.0002537701,0.0015658269,0.0020121520,0.0015658269,0.0020121520,0.0024727252,0.0152278402,0.0024727252,0.0152278402,0.0045687721,0.0163386204,0.0045687721,0.0163386204,0.0103002126,0.0036608519,0.0019737321,0.3147038037,0.1157359295,0.0355230170,0.1474501817,0.0560911057,0.0250154900
JN_TS_002_bg_tile_20363_2323,bg,JN_TS_002_tile_20363_2323,/mnt/c/Apps/QuPath-v0.6.0-Windows/projects/JN_HandE_QuPath/tiles_manual/JN_TS_002/JN_TS_002_tile_20363_2323_cl.png,7921,7921,3,3,0,0.0227470730,0.1104859676,0.0172199265,0.3828819444,0.1777084768,0.2889566116,0.0244548380,0.1069897192,0.0193211938,0.3175424254,0.1671946175,0.3644972061,0.0262964876,0.1141137225,0.0207199839,0.2088481405,0.1944923669,0.4355292987,0.0252564456,0.1201979565,0.0171649283,0.2663623168,0.1559822955,0.4150360573,0.0228105684,0.0869578994,0.0173729129,0.3101521015,0.1550641509,0.4076423669,0.0223566601,0.0916589217,0.0180530217,0.2126636490,0.1520400904,0.5032276571,0.0239729683,0.0759941747,0.0164705292,0.2056439394,0.1541299357,0.5237884527,0.0259632485,0.1046742510,0.0204869597,0.1999394743,0.1602558145,0.4886802520,0.0216343836,0.1085485537,0.0181369089,0.2236575987,0.1682823978,0.4597401573,0.0005629852,0.0006425994,0.0005629852,0.0006425994,0.0025476997,0.0141241433,0.0025476997,0.0141241433,0.0020181768,0.0007222355,0.0020181768,0.0007222355,0.0699062708,0.0933438327,0.0699062708,0.0933438327,0.0089980490,0.0189091044,0.0089980490,0.0189091044,0.0569053305,0.1277419152,0.0569053305,0.1277419152,0.0046621040,0.0016646000,0.0025093726,0.2348318411,0.0736479292,0.0810378850,0.1829424702,0.0648939938,0.1013039610
JN_TS_002_bg_tile_22849_5404,bg,JN_TS_002_tile_22849_5404,/mnt/c/Apps/QuPath-v0.6.0-Windows/projects/JN_HandE_QuPath/tiles_manual/JN_TS_002/JN_TS_002_tile_22849_5404_cl.png,7921,7921,3,3,0,0.0212741047,0.0772965450,0.0217955119,0.1747522096,0.1542877640,0.5505938648,0.0215765665,0.0756472812,0.0223222379,0.1662039746,0.1750418804,0.5392080594,0.0178265611,0.0628740530,0.0221836260,0.1199733127,0.1534960399,0.6236464073,0.0173138045,0.0548274299,0.0221654734,0.1137003316,0.1418588574,0.6501341032,0.0149079246,0.0508440216,0.0234065642,0.0879653717,0.1254278030,0.6974483149,0.0148889023,0.0522982571,0.0246503276,0.0962953083,0.1477294241,0.6641377807,0.0187847222,0.0573954029,0.0217013889,0.1342447199,0.1309960399,0.6368777261,0.0202369683,0.0704031990,0.0265228965,0.1193642215,0.1617779939,0.6016947208,0.0171097337,0.0669157484,0.0252891127,0.1189022326,0.1797410181,0.5920421545,0.0025158114,0.0015152693,0.0025158114,0.0015152693,0.0024771064,0.0070345097,0.0024771064,0.0070345097,0.0021535640,0.0024040074,0.0021535640,0.0024040074,0.0291754692,0.0294727743,0.0291754692,0.0294727743,0.0179412736,0.0034368775,0.0179412736,0.0034368775,0.0140735494,0.0390554233,0.0140735494,0.0390554233,0.0066876642,0.0024813174,0.0031272346,0.1582402555,0.0518998014,0.0580919487,0.0867868379,0.0288777144,0.0205443883
JN_TS_003_bg_tile_24445_5502,bg,JN_TS_003_tile_24445_5502,/mnt/c/Apps/QuPath-v0.6.0-Windows/projects/JN_HandE_QuPath/tiles_manual/JN_TS_003/JN_TS_003_tile_24445_5502_cl.png,7921,7921,3,3,0,0.0070467459,0.0436672119,0.0054278581,0.0617448634,0.1270509068,0.7550624139,0.0070654481,0.0507552809,0.0065393618,0.0535822060,0.1562387411,0.7258189621,0.0072484791,0.0486548726,0.0079420627,0.0655904213,0.1652772039,0.7052869605,0.0044727376,0.0225522931,0.0044278453,0.0330097644,0.0790164997,0.8565208599,0.0044522623,0.0300734880,0.0053169366,0.0481461978,0.1132967000,0.7987144153,0.0029673390,0.0196740215,0.0044976937,0.0244555552,0.0793577100,0.8690476805,0.0049806302,0.0266379706,0.0051110537,0.0482148186,0.1276437672,0.7874117596,0.0028604867,0.0165988262,0.0033647723,0.0254319989,0.0729996386,0.8787442773,0.0032085055,0.0226221017,0.0039769858,0.0314700987,0.0861422463,0.8525800620,0.0010252633,0.0034370169,0.0010252633,0.0034370169,0.0006354933,0.0257394890,0.0006354933,0.0257394890,0.0004833283,0.0024854903,0.0004833283,0.0024854903,0.0071511238,0.0252668581,0.0071511238,0.0252668581,0.0009780045,0.0539270665,0.0009780045,0.0539270665,0.0093065565,0.1108559208,0.0093065565,0.1108559208,0.0043879924,0.0018011783,0.0038382404,0.1734573168,0.0646971284,0.1014584460,0.0411348661,0.0154524838,0.0221121073
JN_TS_003_bg_tile_25058_13037,bg,JN_TS_003_tile_25058_13037,/mnt/c/Apps/QuPath-v0.6.0-Windows/projects/JN_HandE_QuPath/tiles_manual/JN_TS_003/JN_TS_003_tile_25058_13037_cl.png,7921,7921,3,3,0,0.0056050562,0.0340985135,0.0041592057,0.0593122991,0.2159839876,0.6808409378,0.0096501268,0.0958088075,0.0050721146,0.0655439285,0.2133631372,0.6105618854,0.0205195420,0.1103904098,0.0170880682,0.1543506084,0.1610771063,0.5365742654,0.0121691164,0.1317919349,0.0061427891,0.1065187085,0.3246864709,0.4186909802,0.0116176892,0.1745364545,0.0048504053,0.1909394583,0.4456887508,0.1723672418,0.0203106892,0.0892520912,0.0178750301,0.1598420307,0.1503994412,0.5623207176,0.0112830005,0.1107769456,0.0055812385,0.0760680670,0.2040627870,0.5922279614,0.0120553796,0.1525592923,0.0045106020,0.3316816403,0.2155825101,0.2836105757,0.0105176768,0.0668101469,0.0078554006,0.0676084711,0.0963675103,0.7508407943,0.0074302450,0.0006395561,0.0074302450,0.0006395561,0.0034049154,0.0299495513,0.0034049154,0.0299495513,0.0089784219,0.0027907158,0.0089784219,0.0027907158,0.0466340118,0.0653837808,0.0466340118,0.0653837808,0.1122963959,0.0248038079,0.1122963959,0.0248038079,0.0526586326,0.0670992524,0.0526586326,0.0670992524,0.0149144858,0.0048387841,0.0016514396,0.5784735525,0.1874359691,0.1918709052,0.2723693412,0.0881631443,0.0922335596
JN_TS_004_bg_tile_26418_6375,bg,JN_TS_004_tile_26418_6375,/mnt/c/Apps/QuPath-v0.6.0-Windows/projects/JN_HandE_QuPath/tiles_manual/JN_TS_004/JN_TS_004_tile_26418_6375_cl.png,7921,7921,3,3,0,0.0171731520,0.1200822142,0.0092188935,0.2240823003,0.3816342401,0.2478092000,0.0049318440,0.0694846993,0.0032564857,0.1204492387,0.5186698966,0.2832078356,0.0114999426,0.0796014118,0.0054093492,0.2132938763,0.4414132805,0.2487821396,0.0090293794,0.1232593829,0.0043878294,0.1569634723,0.3649089819,0.3414509541,0.0083354827,0.1285471394,0.0038277356,0.1455974661,0.4288768511,0.2848153252,0.0111232545,0.0824802359,0.0055317947,0.1505952176,0.3810738012,0.3691956961,0.0171170512,0.0867580636,0.0095926596,0.1446443124,0.1983750861,0.5435128271,0.0134803162,0.1087611729,0.0066457839,0.1304978027,0.3022700022,0.4383449221,0.0122012741,0.1333681990,0.0054173841,0.1420808942,0.3973012798,0.3096309688,0.0028317038,0.0030645676,0.0028317038,0.0030645676,0.0115499380,0.0199063701,0.0115499380,0.0199063701,0.0022802849,0.0012570330,0.0022802849,0.0012570330,0.0065733657,0.0468674686,0.0065733657,0.0468674686,0.0916233512,0.1479236831,0.0916233512,0.1479236831,0.0683880589,0.1705631810,0.0683880589,0.1705631810,0.0122413080,0.0039895943,0.0044509369,0.2957036272,0.0974368027,0.0859878604,0.1036330616,0.0357560425,0.0148825781
JN_TS_005_bg_tile_22229_14087,bg,JN_TS_005_tile_22229_14087,/mnt/c/Apps/QuPath-v0.6.0-Windows/projects/JN_HandE_QuPath/tiles_manual/JN_TS_005/JN_TS_005_tile_22229_14087_cl.png,7921,7921,3,3,0,0.0135522842,0.1365614956,0.0007122360,0.2495240760,0.3876672980,0.2119826102,0.0142033263,0.1465685346,0.0006150104,0.2864177079,0.3512693195,0.2009261012,0.0185674931,0.1903015955,0.0005518251,0.2830347509,0.3557516931,0.1517926423,0.0193541817,0.1422006414,0.0010952004,0.2840891880,0.3143949434,0.2388658451,0.0182206693,0.1479076130,0.0009096929,0.2437714708,0.2739830257,0.3152075283,0.0165933760,0.1815217204,0.0007261655,0.2277296823,0.3690189953,0.2044100605,0.0220684114,0.1315230429,0.0011883035,0.2509905877,0.3389398244,0.2552898301,0.0162756876,0.1300339633,0.0008261334,0.2320340378,0.2978213601,0.3230088178,0.0235402319,0.1493445822,0.0014035239,0.2171794651,0.3203985882,0.2881336088,0.0012420746,0.0051870757,0.0012420746,0.0051870757,0.0369609060,0.0208433458,0.0369609060,0.0208433458,0.0001047418,0.0005129631,0.0001047418,0.0005129631,0.0188866511,0.0395908147,0.0188866511,0.0395908147,0.0013890703,0.0458428459,0.0013890703,0.0458428459,0.0206006579,0.1005769677,0.0206006579,0.1005769677,0.0099879477,0.0033276073,0.0030784941,0.1712161755,0.0574020991,0.0837235483,0.0692382428,0.0260944721,0.0510007131
JN_TS_006_bg_tile_3175_8574,bg,JN_TS_006_tile_3175_8574,/mnt/c/Apps/QuPath-v0.6.0-Windows/projects/JN_HandE_QuPath/tiles_manual/JN_TS_006/JN_TS_006_tile_3175_8574_cl.png,7921,7921,3,3,0,0.0151361628,0.1660040748,0.0132195535,0.0191775712,0.1519717057,0.6344909320,0.0167730887,0.1812248287,0.0123862632,0.0333767914,0.1779719287,0.5782670992,0.0131838269,0.1233142505,0.0106955923,0.0286464073,0.1481194043,0.6760405188,0.0151764713,0.2097377600,0.0130292417,0.0159872580,0.1654405184,0.5806287506,0.0182685554,0.1638872405,0.0162913174,0.0218656060,0.1620705787,0.6176167020,0.0167489931,0.1446667068,0.0127294815,0.0317750106,0.1598504928,0.6342293151,0.0163992195,0.1998583850,0.0147559401,0.0179582759,0.1656532656,0.5853749139,0.0158990511,0.1291848818,0.0153144470,0.0242936273,0.1616371496,0.6536708432,0.0175434745,0.1643220558,0.0160030705,0.0356334653,0.1654123623,0.6010855716,0.0002548137,0.0015828889,0.0002548137,0.0015828889,0.0477657356,0.0076073895,0.0477657356,0.0076073895,0.0005255303,0.0032573495,0.0005255303,0.0032573495,0.0143105927,0.0011051337,0.0143105927,0.0011051337,0.0032277435,0.0048799129,0.0032277435,0.0048799129,0.0369536030,0.0162224071,0.0369536030,0.0162224071,0.0050847285,0.0015029362,0.0015966174,0.0977734196,0.0344644160,0.0491160181,0.0196462073,0.0072106265,0.0125974394
JN_TS_006_bg_tile_9641_4431,bg,JN_TS_006_tile_9641_4431,/mnt/c/Apps/QuPath-v0.6.0-Windows/projects/JN_HandE_QuPath/tiles_manual/JN_TS_006/JN_TS_006_tile_9641_4431_cl.png,7921,7921,3,3,0,0.0346097337,0.1352287075,0.0220202020,0.1016712580,0.1744824667,0.5319876320,0.0247266302,0.1348126284,0.0184696740,0.0871843195,0.2321134958,0.5026932521,0.0348215106,0.1234367826,0.0253535354,0.1160410927,0.2285435319,0.4718035468,0.0269798515,0.0840605028,0.0205193740,0.1116325600,0.1494489576,0.6073587541,0.0174395807,0.0881534753,0.0145258392,0.0638714840,0.2053609230,0.6106486978,0.0257941494,0.0705493500,0.0245791883,0.0571014480,0.1285083417,0.6934675226,0.0296227904,0.0910288969,0.0225781967,0.0903795053,0.1530855429,0.6133050677,0.0214959611,0.0658581747,0.0200830723,0.0468129324,0.1297567209,0.7159931385,0.0163083965,0.0475426136,0.0202287075,0.0448527893,0.1079460801,0.7631214130,0.0047627731,0.0089102421,0.0047627731,0.0089102421,0.0229297870,0.0630161444,0.0229297870,0.0630161444,0.0016812195,0.0009844783,0.0016812195,0.0009844783,0.0285626644,0.0409504811,0.0285626644,0.0409504811,0.0040063378,0.0814503835,0.0040063378,0.0814503835,0.0585803429,0.1953117294,0.0585803429,0.1953117294,0.0185131141,0.0066581810,0.0081268293,0.2913178662,0.0989435715,0.1614798906,0.0711883035,0.0274993842,0.0445698100
JN_TS_010_bg_tile_2931_6096,bg,JN_TS_010_tile_2931_6096,/mnt/c/Apps/QuPath-v0.6.0-Windows/projects/JN_HandE_QuPath/tiles_manual/JN_TS_010/JN_TS_010_tile_2931_6096_cl.png,7921,7921,3,3,0,0.0208924472,0.1548123278,0.0232627410,0.0355783689,0.2352941345,0.5301599805,0.0245011646,0.1471248838,0.0296883068,0.0460262412,0.2339539373,0.5187054662,0.0237560262,0.1045279500,0.0302268423,0.0402142160,0.1845664027,0.6167085629,0.0157517527,0.1562797609,0.0205186568,0.0255754248,0.2163339185,0.5655404863,0.0253336222,0.1753867915,0.0265442522,0.0357389610,0.2396633003,0.4973330728,0.0155640081,0.0819340700,0.0208876918,0.0270931580,0.1612054376,0.6933156346,0.0173880854,0.1359205693,0.0222107438,0.0237834309,0.2127030246,0.5879941460,0.0260117265,0.1868657705,0.0274548782,0.0410616961,0.2835936514,0.4350122773,0.0186096763,0.1161221591,0.0173685721,0.0394167528,0.2350030131,0.5734798267,0.0012991418,0.0023800499,0.0012991418,0.0023800499,0.0481428263,0.0108144458,0.0481428263,0.0108144458,0.0008303215,0.0053812320,0.0008303215,0.0053812320,0.0072623007,0.0058523155,0.0072623007,0.0058523155,0.0278520748,0.0258284048,0.0278520748,0.0258284048,0.0666031371,0.0230292532,0.0666031371,0.0230292532,0.0104477184,0.0041752100,0.0071130792,0.2583033573,0.0742269907,0.0692886798,0.0222428103,0.0077703087,0.0131210580
JN_TS_010_bg_tile_3215_9086,bg,JN_TS_010_tile_3215_9086,/mnt/c/Apps/QuPath-v0.6.0-Windows/projects/JN_HandE_QuPath/tiles_manual/JN_TS_010/JN_TS_010_tile_3215_9086_cl.png,7921,7921,3,3,0,0.0144153180,0.1129637282,0.0187276171,0.0228706095,0.2022613923,0.6287613349,0.0188738483,0.1450820683,0.0220591947,0.0235891191,0.2315779434,0.5588178261,0.0254107840,0.1466115702,0.0275096132,0.0376275539,0.2451813590,0.5176591196,0.0122533074,0.1166693918,0.0158574576,0.0214591007,0.2269705288,0.6067902138,0.0179109866,0.1387784250,0.0234412601,0.0298764954,0.2231367101,0.5668561227,0.0230184274,0.1696834877,0.0248352036,0.0321279818,0.2560661997,0.4942686999,0.0139731118,0.1428611398,0.0171382863,0.0265204603,0.2675951274,0.5319118744,0.0211368226,0.1644792778,0.0237361307,0.0316559671,0.2709429107,0.4880488910,0.0177041724,0.1422689968,0.0249823519,0.0250342918,0.2260126837,0.5639975034,0.0084972155,0.0019619478,0.0084972155,0.0019619478,0.0286899316,0.0149840159,0.0286899316,0.0149840159,0.0085346026,0.0008132187,0.0085346026,0.0008132187,0.0079798857,0.0002921878,0.0079798857,0.0002921878,0.0101443979,0.0285100090,0.0101443979,0.0285100090,0.0638460334,0.0404266706,0.0638460334,0.0404266706,0.0131574766,0.0043601207,0.0067215046,0.1407124439,0.0478248111,0.0491970031,0.0161684533,0.0053148529,0.0080668480
JN_TS_011_bg_tile_22539_15864,bg,JN_TS_011_tile_22539_15864,/mnt/c/Apps/QuPath-v0.6.0-Windows/projects/JN_HandE_QuPath/tiles_manual/JN_TS_011/JN_TS_011_tile_22539_15864_cl.png,7921,7921,3,3,0,0.0166711146,0.1964917642,0.0116134355,0.0360716540,0.3271384298,0.4120136019,0.0200665783,0.2615827912,0.0143973816,0.0388819088,0.3398328227,0.3252385173,0.0216340966,0.1651080406,0.0177850953,0.0334131084,0.2426222452,0.5194374139,0.0199706264,0.2651180969,0.0146571260,0.0315188519,0.3199965865,0.3487387124,0.0203391284,0.2852389883,0.0138646093,0.0316755225,0.3354646481,0.3134171035,0.0178147912,0.1880411460,0.0137370486,0.0319940220,0.2966279130,0.4517850791,0.0167673898,0.3075321396,0.0109781049,0.0226945592,0.2870734332,0.3549543733,0.0191890985,0.2285183815,0.0143955171,0.0294332955,0.3360267289,0.3724369786,0.0190906221,0.1963137052,0.0134232955,0.0314805728,0.3269725666,0.4127192378,0.0017101264,0.0011082264,0.0017101264,0.0011082264,0.0732263696,0.0363938767,0.0732263696,0.0363938767,0.0025655910,0.0016663316,0.0025655910,0.0016663316,0.0022008793,0.0082527479,0.0022008793,0.0082527479,0.0226619082,0.0134930770,0.0226619082,0.0134930770,0.0894116811,0.0388596478,0.0894116811,0.0388596478,0.0049629821,0.0016820956,0.0022517871,0.2060203105,0.0660210958,0.0639805255,0.0161873496,0.0044671578,0.0019325356
JN_TS_011_bg_tile_4034_8877,bg,JN_TS_011_tile_4034_8877,/mnt/c/Apps/QuPath-v0.6.0-Windows/projects/JN_HandE_QuPath/tiles_manual/JN_TS_011/JN_TS_011_tile_4034_8877_cl.png,7921,7921,3,3,0,0.0103003042,0.1273507805,0.0071903696,0.0134258781,0.1805159550,0.6612167126,0.0118945992,0.1600520062,0.0065865489,0.0167931683,0.2091010923,0.5955725850,0.0086550161,0.1152863866,0.0048516414,0.0182877066,0.1772014176,0.6757178317,0.0106056303,0.1285285647,0.0070962847,0.0199466742,0.2096812502,0.6241415958,0.0218466810,0.2638465086,0.0133904794,0.0247344722,0.2909258237,0.3852560352,0.0124956972,0.1410845008,0.0059001124,0.0300372621,0.2317305486,0.5787518789,0.0158211375,0.1784588786,0.0100922578,0.0254518193,0.2597513487,0.5104245581,0.0164178227,0.2231899648,0.0128102303,0.0211778424,0.2419374548,0.4844666850,0.0126977158,0.1995632461,0.0053269915,0.0271217860,0.2696364210,0.4856538395,0.0009595476,0.0046955855,0.0009595476,0.0046955855,0.0071986366,0.0661743054,0.0071986366,0.0661743054,0.0027667222,0.0032003065,0.0027667222,0.0032003065,0.0055407943,0.0084148982,0.0055407943,0.0084148982,0.0095399444,0.0681689199,0.0095399444,0.0681689199,0.0185531054,0.1506540156,0.0185531054,0.1506540156,0.0131916649,0.0040283721,0.0052155072,0.2904617965,0.0958026489,0.1384877563,0.0166113840,0.0053549763,0.0071641127
JN_TS_012_bg_tile_4874_6291,bg,JN_TS_012_tile_4874_6291,/mnt/c/Apps/QuPath-v0.6.0-Windows/projects/JN_HandE_QuPath/tiles_manual/JN_TS_012/JN_TS_012_tile_4874_6291_cl.png,7921,7921,3,3,0,0.0467066977,0.2164669421,0.0310692149,0.1042277893,0.2233618859,0.3781674702,0.0640670717,0.1553647035,0.0450573991,0.1131310741,0.2293234312,0.3930563205,0.0523219410,0.1876594066,0.0199040117,0.1227464991,0.1844424357,0.4329257059,0.0629275527,0.2423330235,0.0439654975,0.0919672874,0.2390870079,0.3197196310,0.0590802911,0.1539366765,0.0387774358,0.1048538319,0.2253652786,0.4179864861,0.0542565947,0.2435818331,0.0272150700,0.0774911650,0.1728460294,0.4246093078,0.0414220328,0.1237286214,0.0273962638,0.0884646178,0.2136237374,0.5053647268,0.0843655697,0.2205996925,0.0481331681,0.1480548575,0.1978007068,0.3010460053,0.0471908000,0.1910408058,0.0277272727,0.0979258494,0.1929871155,0.4431281566,0.0009043509,0.0032942308,0.0009043509,0.0032942308,0.0132511528,0.0080406441,0.0132511528,0.0080406441,0.0091948739,0.0024086930,0.0091948739,0.0024086930,0.0045012730,0.0018866792,0.0045012730,0.0018866792,0.0419323502,0.0109053977,0.0419323502,0.0109053977,0.0324704474,0.0151297974,0.0324704474,0.0151297974,0.0429435369,0.0128086340,0.0157367526,0.2043187215,0.0629565764,0.0547582358,0.0705636926,0.0208679870,0.0211637867
JN_TS_013_bg_tile_10309_3904,bg,JN_TS_013_tile_10309_3904,/mnt/c/Apps/QuPath-v0.6.0-Windows/projects/JN_HandE_QuPath/tiles_manual/JN_TS_013/JN_TS_013_tile_10309_3904_cl.png,7921,7921,3,3,0,0.0268556302,0.1667378329,0.0090901917,0.3679958678,0.1740515955,0.2552688820,0.0417857102,0.1488647838,0.0229729613,0.4102875116,0.1850190183,0.1910700148,0.0558834079,0.1545583678,0.0297015611,0.4402878214,0.1747126090,0.1448562328,0.0318310902,0.1676332140,0.0097268597,0.2787619187,0.1764487453,0.3355981722,0.0472439601,0.1264027300,0.0161164040,0.3070948451,0.1599496823,0.3431923785,0.1124387571,0.1214139215,0.0565336248,0.3790656948,0.1367969261,0.1937510757,0.0567559114,0.1297512052,0.0351103363,0.2724334252,0.1925573921,0.3133917298,0.0689302147,0.1383374640,0.0331705449,0.4114222976,0.1731518135,0.1749876654,0.1416000918,0.1132526974,0.0750934056,0.4030973083,0.1614167241,0.1055397727,0.0648265417,0.0475871565,0.0648265417,0.0475871565,0.0249657551,0.0296065393,0.0249657551,0.0296065393,0.0358004013,0.0272031909,0.0358004013,0.0272031909,0.1010865376,0.0438727232,0.1010865376,0.0438727232,0.0233771579,0.0022190977,0.0233771579,0.0022190977,0.1533705676,0.0009080128,0.1533705676,0.0009080128,0.1147444617,0.0382321388,0.0271445045,0.2376526058,0.0866998770,0.1384040644,0.1678543962,0.0621163420,0.1031926666
JN_TS_013_bg_tile_6022_13386,bg,JN_TS_013_tile_6022_13386,/mnt/c/Apps/QuPath-v0.6.0-Windows/projects/JN_HandE_QuPath/tiles_manual/JN_TS_013/JN_TS_013_tile_6022_13386_cl.png,7921,7921,3,3,0,0.0032559975,0.0440250517,0.0018811697,0.0279686065,0.0973649851,0.8255041896,0.0045503310,0.1532293782,0.0026546705,0.0395233096,0.2383966989,0.5616456117,0.0043837523,0.0729109275,0.0020514807,0.0365228994,0.1212058081,0.7629251320,0.0022394525,0.0422938683,0.0014649524,0.0185059608,0.0852251213,0.8502706447,0.0032512383,0.0997318807,0.0017641878,0.0281325230,0.1781958717,0.6889242985,0.0038644682,0.0774458424,0.0022301298,0.0370120650,0.1476141097,0.7318333850,0.0047685663,0.0787667872,0.0030287247,0.0439484332,0.1597854970,0.7097019915,0.0035332978,0.0562467729,0.0019989272,0.0320184044,0.1161037199,0.7900988778,0.0037372303,0.0810752410,0.0026017275,0.0390642218,0.1403301481,0.7331914314,0.0005738115,0.0000503288,0.0005738115,0.0000503288,0.0221154346,0.0180255187,0.0221154346,0.0180255187,0.0001694971,0.0003473528,0.0001694971,0.0003473528,0.0073920619,0.0036720813,0.0073920619,0.0036720813,0.0222581541,0.0135827090,0.0222581541,0.0135827090,0.0525089592,0.0276391224,0.0525089592,0.0276391224,0.0025291139,0.0007835322,0.0011277548,0.2886250330,0.0851118395,0.0803968863,0.0254424724,0.0077793518,0.0109316988
JN_TS_001_margin_tile_6847_16838,margin,JN_TS_001_tile_6847_16838,/mnt/c/Apps/QuPath-v0.6.0-Windows/projects/JN_HandE_QuPath/tiles_manual/JN_TS_001/JN_TS_001_tile_6847_16838_cl.png,7921,7921,3,3,0,0.1094183310,0.2179282886,0.0339712466,0.1786307679,0.2096481864,0.2504031795,0.1311145342,0.1733871754,0.0380118871,0.2236041789,0.1884384359,0.2454437885,0.0835804063,0.1341262052,0.0248217975,0.1992787247,0.1652945650,0.3928983012,0.0282072906,0.1622580405,0.0140449841,0.1296264902,0.3010745471,0.3647886476,0.0359114371,0.1505003455,0.0193779650,0.1393711233,0.2767013516,0.3781377775,0.0292798297,0.1271204089,0.0132537033,0.1594952268,0.2875817528,0.3832690785,0.0287657828,0.1534921660,0.0155214073,0.1727782082,0.2799756084,0.3494668274,0.0219659679,0.1115804964,0.0177217078,0.1389599325,0.2422331991,0.4675386963,0.0254551194,0.0987776917,0.0204912764,0.1338698060,0.2743765783,0.4470295282,0.0093586830,0.0826421338,0.0093586830,0.0826421338,0.0578847297,0.0538637717,0.0578847297,0.0538637717,0.0016569536,0.0143568466,0.0016569536,0.0143568466,0.0038694304,0.0519685749,0.0038694304,0.0519685749,0.0211484819,0.0777347328,0.0211484819,0.0777347328,0.0861794178,0.1250965942,0.0861794178,0.1250965942,0.1091485663,0.0417845061,0.0553731157,0.2220949078,0.0759861124,0.0434314738,0.0939776887,0.0324645819,0.0396708354
JN_TS_001_margin_tile_8969_10184,margin,JN_TS_001_tile_8969_10184,/mnt/c/Apps/QuPath-v0.6.0-Windows/projects/JN_HandE_QuPath/tiles_manual/JN_TS_001/JN_TS_001_tile_8969_10184_cl.png,7921,7921,3,3,0,0.0202584079,0.0826090450,0.0137577479,0.1268708391,0.1448064451,0.6116975149,0.0275851089,0.0708258752,0.0199476782,0.0944607472,0.1304507590,0.6567298314,0.0533869949,0.0929878329,0.0368272211,0.0954486628,0.1372986972,0.5840505911,0.0248212913,0.0872015306,0.0150730612,0.1320298785,0.1799314137,0.5609428247,0.0476831074,0.0988759521,0.0239175407,0.1471940525,0.1574391018,0.5248902454,0.0767492226,0.1160585407,0.0320531135,0.1515297810,0.1539410577,0.4696682845,0.0872246614,0.1253813705,0.0170849116,0.3987855831,0.1537571740,0.2177662994,0.0592704784,0.1104612004,0.0186492433,0.2228560692,0.1450515186,0.4437114901,0.0366818756,0.0894150310,0.0195504764,0.1507828283,0.1332270145,0.5703427743,0.0115045775,0.0273155012,0.0115045775,0.0273155012,0.0010898195,0.0262782830,0.0010898195,0.0262782830,0.0141716967,0.0050826720,0.0141716967,0.0050826720,0.0866416762,0.1518814105,0.0866416762,0.1518814105,0.0180094212,0.0064932686,0.0180094212,0.0064932686,0.0778850037,0.2068857912,0.0778850037,0.2068857912,0.0669662534,0.0233790645,0.0316853694,0.4389635321,0.1298842997,0.1143823066,0.3043248359,0.0941553893,0.0246589419
JN_TS_002_margin_tile_14477_11069,margin,JN_TS_002_tile_14477_11069,/mnt/c/Apps/QuPath-v0.6.0-Windows/projects/JN_HandE_QuPath/tiles_manual/JN_TS_002/JN_TS_002_tile_14477_11069_cl.png,7921,7921,3,3,0,0.2408209940,0.1141141529,0.0165886134,0.5549133379,0.0508590163,0.0227038854,0.2291812961,0.0730287540,0.0449872638,0.6032639439,0.0455553739,0.0039833683,0.1410488407,0.0982605888,0.0345846247,0.5623335629,0.1064765553,0.0572958276,0.1874201118,0.0660741742,0.0267836449,0.6852908104,0.0329898282,0.0014414306,0.1096769966,0.0603108497,0.0257786477,0.6905475520,0.0972611576,0.0164247964,0.0453501314,0.0965146065,0.0130903411,0.5707502897,0.1412508749,0.1330437564,0.0957267275,0.0692239153,0.0077288510,0.7402780647,0.0769049874,0.0101374541,0.0256005244,0.0741734364,0.0053520820,0.6462534279,0.1642401868,0.0843803426,0.0314507289,0.1055254247,0.0126441977,0.5005707645,0.1742306589,0.1755782254,0.1020393775,0.1527577167,0.1020393775,0.1527577167,0.0169627926,0.0121602398,0.0169627926,0.0121602398,0.0030726847,0.0234784571,0.0030726847,0.0234784571,0.1156091987,0.0555304708,0.1156091987,0.0555304708,0.0870680857,0.0708282958,0.0870680857,0.0708282958,0.1105450131,0.0620376469,0.1105450131,0.0620376469,0.2152204697,0.0825005078,0.1420699804,0.1741367948,0.0627517682,0.0742428885,0.2397073003,0.0781445902,0.1229572475
JN_TS_002_margin_tile_14969_1849,margin,JN_TS_002_tile_14969_1849,/mnt/c/Apps/QuPath-v0.6.0-Windows/projects/JN_HandE_QuPath/tiles_manual/JN_TS_002/JN_TS_002_tile_14969_1849_cl.png,7921,7921,3,3,0,0.1570186237,0.1321115989,0.0416022440,0.4640686697,0.1520411501,0.0531577135,0.0907054261,0.1621312519,0.0542487063,0.4266372070,0.1925140271,0.0737633816,0.0337284780,0.1188138487,0.0157313189,0.3067498852,0.1935650539,0.3314114153,0.1558857699,0.0968364543,0.0343330121,0.5952584822,0.1073226108,0.0103636708,0.1386908250,0.0986059834,0.0943776675,0.4707294648,0.1721718263,0.0254242330,0.0447959336,0.1374680160,0.0156601035,0.3747491480,0.1786057279,0.2487210710,0.1729005969,0.0796936697,0.0317731290,0.6365503042,0.0745773072,0.0045049931,0.1433550767,0.0870404633,0.0670019965,0.5428139307,0.1470649318,0.0127236010,0.0543808827,0.1118296602,0.0190712523,0.4374906738,0.1662398129,0.2109877181,0.1176332321,0.0297280095,0.1176332321,0.0297280095,0.0198232674,0.0448309688,0.0198232674,0.0448309688,0.0190819035,0.0020880362,0.0190819035,0.0020880362,0.1922959163,0.1397997156,0.1922959163,0.1397997156,0.0681565089,0.0500793931,0.0681565089,0.0500793931,0.2410312757,0.0767053994,0.2410312757,0.0767053994,0.1391721189,0.0544781026,0.1015048872,0.3269064222,0.1228015131,0.1982641171,0.3298004190,0.1044970546,0.1161767237
JN_TS_003_margin_tile_21405_5778,margin,JN_TS_003_tile_21405_5778,/mnt/c/Apps/QuPath-v0.6.0-Windows/projects/JN_HandE_QuPath/tiles_manual/JN_TS_003/JN_TS_003_tile_21405_5778_cl.png,7921,7921,3,3,0,0.0952368859,0.1843432909,0.0092231979,0.5540612087,0.1190459998,0.0380894169,0.1055722408,0.2016270237,0.0198673597,0.4249671555,0.1919952555,0.0559709649,0.0511502812,0.1349856520,0.0356456612,0.1699126205,0.1933798209,0.4149259642,0.1143408718,0.2091798332,0.0190060870,0.3871963673,0.1984629043,0.0718139364,0.0867459961,0.1982344932,0.0238018398,0.3215048400,0.2283124257,0.1414004053,0.0233576297,0.0800888954,0.0113560348,0.0746509013,0.1215668135,0.6889797253,0.1181485308,0.1980130854,0.0717764291,0.1960914543,0.2953592746,0.1206112259,0.0493115555,0.0766446651,0.0415787466,0.0711624958,0.1603714158,0.6009311211,0.0105318813,0.0559585916,0.0073839245,0.0613019399,0.1705998910,0.6942237718,0.0808954987,0.0246558134,0.0808954987,0.0246558134,0.1068343568,0.0634465415,0.1068343568,0.0634465415,0.0152066978,0.0186676271,0.0152066978,0.0186676271,0.2771611895,0.2734616982,0.2771611895,0.2734616982,0.0424405511,0.0406365017,0.0424405511,0.0406365017,0.5225382940,0.3022599243,0.5225382940,0.3022599243,0.1076166494,0.0401501398,0.0562606852,0.6561343549,0.2842193014,0.5291171847,0.4927592688,0.1784119771,0.3125454660
JN_TS_003_margin_tile_21741_9476,margin,JN_TS_003_tile_21741_9476,/mnt/c/Apps/QuPath-v0.6.0-Windows/projects/JN_HandE_QuPath/tiles_manual/JN_TS_003/JN_TS_003_tile_21741_9476_cl.png,7921,7921,3,3,0,0.0135926022,0.0633252984,0.0063264750,0.0534667700,0.1177566862,0.7455321683,0.1069574484,0.2047802428,0.0230580129,0.3626723980,0.1804473168,0.1220845811,0.1571388602,0.1510838499,0.0163429752,0.5262921832,0.1099684343,0.0391736972,0.0159448040,0.0728767225,0.0070118068,0.0800801464,0.1628615768,0.6612249435,0.0990057035,0.1714390539,0.0300314801,0.3014827063,0.1932065938,0.2048344624,0.0948451287,0.1884243801,0.0169199569,0.4942861978,0.1426606084,0.0628637282,0.0085264578,0.0390228994,0.0043461605,0.0436639118,0.1091171660,0.7953234045,0.0557314436,0.1119205592,0.0149269101,0.1970778401,0.2064431230,0.4139001239,0.1284056474,0.1427615645,0.0320692723,0.4257321798,0.1823186410,0.0887126951,0.1141085908,0.0283417874,0.1141085908,0.0283417874,0.1023482914,0.0418281226,0.1023482914,0.0418281226,0.0158825874,0.0018716266,0.0158825874,0.0018716266,0.4230332442,0.0919858065,0.4230332442,0.0919858065,0.0150707516,0.0299021642,0.0150707516,0.0299021642,0.6704434653,0.1303819256,0.6704434653,0.1303819256,0.1486124024,0.0543550664,0.0910126444,0.7561497073,0.3114528205,0.5725122484,0.4826282713,0.1900626769,0.3456520333
JN_TS_004_margin_tile_20770_5746,margin,JN_TS_004_tile_20770_5746,/mnt/c/Apps/QuPath-v0.6.0-Windows/projects/JN_HandE_QuPath/tiles_manual/JN_TS_004/JN_TS_004_tile_20770_5746_cl.png,7921,7921,3,3,0,0.0255940083,0.1914518767,0.0035007748,0.3277298554,0.3432354798,0.1084880051,0.0068907553,0.1061089406,0.0016465297,0.2184305187,0.6242689580,0.0426542976,0.0035775367,0.0705853994,0.0013589015,0.2802452078,0.4464537420,0.1977792126,0.0739326242,0.2097136645,0.0101643087,0.3204591351,0.2594662547,0.1262640127,0.0300134153,0.1478767881,0.0035098807,0.3469996119,0.3754140035,0.0961863005,0.0317830425,0.1198950409,0.0039688823,0.2763777495,0.5240553968,0.0439198880,0.0754595673,0.2067293675,0.0140828742,0.3209040691,0.2494494663,0.1333746556,0.0154937294,0.1612972302,0.0043294551,0.2510184675,0.3368234599,0.2310376579,0.0049377296,0.0960722280,0.0015655131,0.1957214187,0.5161647727,0.1855383379,0.0448959637,0.0199429086,0.0448959637,0.0199429086,0.1071140801,0.0319842030,0.1071140801,0.0319842030,0.0069515536,0.0044905455,0.0069515536,0.0044905455,0.0722495612,0.0195872088,0.0722495612,0.0195872088,0.2115075702,0.1038401603,0.2115075702,0.1038401603,0.0197035884,0.0670097121,0.0197035884,0.0670097121,0.0718820305,0.0275893461,0.0248922871,0.1883833603,0.0657221019,0.0893520374,0.1512781932,0.0521876618,0.0698856016
JN_TS_004_margin_tile_22047_11885,margin,JN_TS_004_tile_22047_11885,/mnt/c/Apps/QuPath-v0.6.0-Windows/projects/JN_HandE_QuPath/tiles_manual/JN_TS_004/JN_TS_004_tile_22047_11885_cl.png,7921,7921,3,3,0,0.0124302686,0.2194082874,0.0045246499,0.2036359332,0.3913666494,0.1686342114,0.0196707228,0.2199951522,0.0073860051,0.1903365346,0.2728998141,0.2897117713,0.0288118400,0.2835393710,0.0092778639,0.2233396465,0.2323616850,0.2226695937,0.0439761110,0.1521466559,0.0051033814,0.2659615848,0.3897870699,0.1430251971,0.0171774974,0.2090649288,0.0051873286,0.1907418922,0.3295441170,0.2482842360,0.0159468119,0.3362955090,0.0058243836,0.1820436474,0.1971147006,0.2627749475,0.0298971247,0.1444889233,0.0039263372,0.2903777835,0.3997879362,0.1315218951,0.0205321389,0.2001715374,0.0052450862,0.1820588505,0.3242342490,0.2677581380,0.0182897153,0.3509032082,0.0077708907,0.2064257633,0.2105115071,0.2060989153,0.0077517123,0.0026020492,0.0077517123,0.0026020492,0.1515647405,0.0091263806,0.1515647405,0.0091263806,0.0031062565,0.0014154016,0.0031062565,0.0014154016,0.0493887481,0.0205167610,0.0493887481,0.0205167610,0.1803179209,0.0126351812,0.1803179209,0.0126351812,0.0827873843,0.0252122093,0.0827873843,0.0252122093,0.0315458424,0.0097215386,0.0116343426,0.1581898762,0.0572156284,0.0941407361,0.1083341361,0.0385990362,0.0330031119
JN_TS_005_margin_tile_16098_16851,margin,JN_TS_005_tile_16098_16851,/mnt/c/Apps/QuPath-v0.6.0-Windows/projects/JN_HandE_QuPath/tiles_manual/JN_TS_005/JN_TS_005_tile_16098_16851_cl.png,7921,7921,3,3,0,0.0165534607,0.0489795684,0.0010966196,0.7287283345,0.1954793675,0.0091626492,0.0183698496,0.0353810253,0.0012185467,0.6905383349,0.2481971361,0.0062951075,0.0257367711,0.0450068871,0.0037373737,0.7500334309,0.1656864096,0.0097991276,0.0223677039,0.0462904318,0.0022126318,0.5696906590,0.3456315331,0.0138070405,0.0182190922,0.0495503794,0.0022351636,0.5505903255,0.3593451989,0.0200598404,0.0129770346,0.0565974493,0.0022536516,0.4409492502,0.4177019150,0.0695206992,0.0082270145,0.0888424013,0.0028703225,0.2123411674,0.4692619376,0.2184571568,0.0089722958,0.0945195518,0.0036527716,0.1823467064,0.4206093020,0.2898993724,0.0091458620,0.0882752238,0.0049276860,0.1813718147,0.3695037018,0.3467757117,0.0002371629,0.0114383030,0.0002371629,0.0114383030,0.0019223862,0.0474232321,0.0019223862,0.0474232321,0.0015797125,0.0017994133,0.0015797125,0.0017994133,0.0461352217,0.5310801373,0.0461352217,0.5310801373,0.0191602706,0.2166706761,0.0191602706,0.2166706761,0.0615562307,0.2766251188,0.0615562307,0.2766251188,0.0175097567,0.0062331452,0.0092239875,0.3404806042,0.1369895780,0.2086580292,0.5686616162,0.2353349061,0.4781971675
JN_TS_005_margin_tile_6848_15741,margin,JN_TS_005_tile_6848_15741,/mnt/c/Apps/QuPath-v0.6.0-Windows/projects/JN_HandE_QuPath/tiles_manual/JN_TS_005/JN_TS_005_tile_6848_15741_cl.png,7921,7921,3,3,0,0.0115452824,0.0805686123,0.0015876090,0.3825893882,0.4987500000,0.0249591081,0.0499575459,0.0423059160,0.0054520498,0.5366117632,0.3492270777,0.0164456473,0.0408849862,0.0469081439,0.0027744777,0.6654620064,0.2345642505,0.0094061352,0.0058146306,0.0683787420,0.0015074065,0.1917735190,0.5099336799,0.2225920221,0.0139811704,0.0662880127,0.0042297496,0.4440206220,0.4256648966,0.0458155487,0.0297595895,0.0579202667,0.0033637683,0.5303340103,0.3655205501,0.0131018152,0.0099994261,0.1019992539,0.0052671602,0.2219224920,0.4412000689,0.2196115989,0.0105932957,0.1216907335,0.0055207509,0.2584876596,0.4828785297,0.1208290306,0.0141485882,0.0960145489,0.0022549357,0.3936528639,0.4689286329,0.0250004304,0.0191446083,0.0225488349,0.0191446083,0.0225488349,0.0167012162,0.0499739547,0.0167012162,0.0499739547,0.0000103353,0.0010762367,0.0000103353,0.0010762367,0.2643878271,0.2368667141,0.2643878271,0.2368667141,0.1269567718,0.1034886345,0.1269567718,0.1034886345,0.1398847828,0.1048767231,0.1398847828,0.1048767231,0.0441429153,0.0156348645,0.0191662938,0.2131858869,0.0881454678,0.1043833832,0.4736884874,0.1594631646,0.2718463507
JN_TS_006_margin_tile_3563_12780,margin,JN_TS_006_tile_3563_12780,/mnt/c/Apps/QuPath-v0.6.0-Windows/projects/JN_HandE_QuPath/tiles_manual/JN_TS_006/JN_TS_006_tile_3563_12780_cl.png,7921,7921,3,3,0,0.0217217631,0.1359756657,0.0177525253,0.5486386593,0.2759113866,0.0000000000,0.0229412642,0.1459066240,0.0157877526,0.5281413147,0.2872230445,0.0000000000,0.1130371901,0.2356037649,0.0757782369,0.2260766758,0.3495041322,0.0000000000,0.0186832352,0.1267862265,0.0157757048,0.5715138894,0.2672409441,0.0000000000,0.0601369400,0.1058438130,0.0598754301,0.4870735429,0.2870702740,0.0000000000,0.2620902321,0.1543876860,0.2039229860,0.0379533694,0.3416457265,0.0000000000,0.0166276400,0.1138498623,0.0151652893,0.6063980716,0.2479591368,0.0000000000,0.0740014687,0.2176913015,0.0531817608,0.3580915172,0.2970339518,0.0000000000,0.2274196511,0.2379224059,0.1370523416,0.0870202020,0.3105853994,0.0000000000,0.1818381450,0.0534495141,0.1818381450,0.0534495141,0.0837673674,0.0173258383,0.0837673674,0.0173258383,0.1226866817,0.0320269590,0.1226866817,0.0320269590,0.4585001244,0.0837822863,0.4585001244,0.0837822863,0.0702079302,0.0190200251,0.0702079302,0.0190200251,0.0000000000,0.0000000000,0.0000000000,0.0000000000,0.2454625921,0.0934084607,0.0913154270,0.0000000000,0.0000000000,0.0000000000,0.5684447023,0.2169915142,0.3225619835
JN_TS_006_margin_tile_9129_7057,margin,JN_TS_006_tile_9129_7057,/mnt/c/Apps/QuPath-v0.6.0-Windows/projects/JN_HandE_QuPath/tiles_manual/JN_TS_006/JN_TS_006_tile_9129_7057_cl.png,7921,7921,3,3,0,0.0220638200,0.0907093664,0.0194421488,0.6101423324,0.2576423324,0.0000000000,0.0248924306,0.0811733388,0.0198444116,0.6462634677,0.2278263514,0.0000000000,0.0282966024,0.0924058770,0.0262534435,0.5836432507,0.2694008264,0.0000000000,0.0356809289,0.0907914816,0.0273983684,0.6003430748,0.2457861462,0.0000000000,0.0810823869,0.1540419113,0.0403350251,0.4290722666,0.2954684101,0.0000000000,0.0596026528,0.1512713274,0.0400330453,0.4708816679,0.2782113066,0.0000000000,0.0770523416,0.1972038567,0.0387970615,0.3664738292,0.3204729109,0.0000000000,0.1879527957,0.1800689592,0.0589784632,0.3588212683,0.2141785136,0.0000000000,0.1661455464,0.2324403122,0.0544054178,0.2697635445,0.2772451791,0.0000000000,0.0397492370,0.1186326102,0.0397492370,0.1186326102,0.0324709373,0.1151415153,0.0324709373,0.1151415153,0.0116847760,0.0288803129,0.0116847760,0.0288803129,0.0842235911,0.2816634696,0.0842235911,0.2816634696,0.0003186408,0.0190090311,0.0003186408,0.0190090311,0.0000000000,0.0000000000,0.0000000000,0.0000000000,0.1658889756,0.0616214529,0.0527857845,0.0000000000,0.0000000000,0.0000000000,0.3764999232,0.1342698779,0.2338692456
JN_TS_007_margin_tile_16162_8015,margin,JN_TS_007_tile_16162_8015,/mnt/c/Apps/QuPath-v0.6.0-Windows/projects/JN_HandE_QuPath/tiles_manual/JN_TS_007/JN_TS_007_tile_16162_8015_cl.png,7921,7921,3,3,0,0.1148137626,0.3052726125,0.1000717401,0.0192861857,0.2349667126,0.2255889865,0.1015897330,0.2601103806,0.0706306725,0.0310380882,0.2243613243,0.3122698014,0.0278066173,0.1535311926,0.0290640783,0.0188637798,0.1569098657,0.6138244663,0.1222549711,0.3622795543,0.1049662662,0.0193072814,0.2695931293,0.1215987975,0.1496880018,0.2376991091,0.1131146180,0.0250352658,0.2216271503,0.2528358548,0.0835288229,0.2370889413,0.0703885695,0.0290471929,0.1987765768,0.3811698966,0.1521483299,0.3431780877,0.1149974174,0.0281373393,0.2505822429,0.1109565829,0.1029442475,0.2985030636,0.0874417691,0.0243953163,0.2154772354,0.2712383682,0.0881056302,0.2951647153,0.0774767562,0.0237376607,0.2068140209,0.3087012167,0.0632586644,0.0329960315,0.0632586644,0.0329960315,0.1083151351,0.0726438936,0.1083151351,0.0726438936,0.0477020066,0.0267164839,0.0477020066,0.0267164839,0.0016392756,0.0023607542,0.0016392756,0.0023607542,0.0642138738,0.0188785322,0.0642138738,0.0188785322,0.2818504042,0.1535956954,0.2818504042,0.1535956954,0.1243417126,0.0376407902,0.0341493410,0.5028678834,0.1501257235,0.0866808149,0.0121743083,0.0045158664,0.0088300579
JN_TS_008_margin_tile_17284_14465,margin,JN_TS_008_tile_17284_14465,/mnt/c/Apps/QuPath-v0.6.0-Windows/projects/JN_HandE_QuPath/tiles_manual/JN_TS_008/JN_TS_008_tile_17284_14465_cl.png,7921,7921,3,3,0,0.0636244548,0.0772869318,0.0390065427,0.0641716885,0.1096025597,0.6463078225,0.1199142600,0.1796844343,0.0560862793,0.1425810070,0.2099643730,0.2917696465,0.1022182048,0.1410036444,0.0495953857,0.1160654844,0.1835420971,0.4075751837,0.1065112503,0.1327784184,0.0690855450,0.0592010602,0.2000032988,0.4324204273,0.1374419148,0.1684514761,0.0898673397,0.0767322052,0.2279187272,0.2995883371,0.1044540922,0.1626249240,0.0594114660,0.0668218535,0.2076262435,0.3990614207,0.0708845558,0.1353198175,0.0603024564,0.0502423382,0.2182034837,0.4650473485,0.0307730371,0.0834733170,0.0479834314,0.0263322835,0.1560639049,0.6553740261,0.0197050046,0.0875414658,0.0300862316,0.0287758264,0.1733317551,0.6605597165,0.0048809864,0.0547981074,0.0048809864,0.0547981074,0.0152616222,0.0305468034,0.0152616222,0.0305468034,0.0097671536,0.0021053627,0.0097671536,0.0021053627,0.0126826925,0.0724892439,0.0126826925,0.0724892439,0.0122302512,0.0148300379,0.0122302512,0.0148300379,0.0255264258,0.1451094795,0.0255264258,0.1451094795,0.1177369102,0.0402445811,0.0428867956,0.3687900700,0.1469897068,0.2472464018,0.1162487235,0.0380667396,0.0264898670
JN_TS_008_margin_tile_4433_3944,margin,JN_TS_008_tile_4433_3944,/mnt/c/Apps/QuPath-v0.6.0-Windows/projects/JN_HandE_QuPath/tiles_manual/JN_TS_008/JN_TS_008_tile_4433_3944_cl.png,7921,7921,3,3,0,0.0146124598,0.1131565657,0.0215916265,0.0274506428,0.2213092573,0.6018794479,0.0154022237,0.2051230308,0.0197880452,0.0192011463,0.2011178617,0.5393676924,0.0600081784,0.2453358873,0.0349997130,0.0628165174,0.2454686065,0.3513710973,0.0288103967,0.1495320012,0.0313755694,0.0305386791,0.2349729786,0.5247703751,0.0710390615,0.2041348089,0.0525961662,0.0588395702,0.2248392482,0.3885511452,0.0874229803,0.3099893291,0.0464068936,0.0756835680,0.2622799846,0.2182172444,0.0468072773,0.1515327996,0.0373867941,0.0605343205,0.2465716827,0.4571671258,0.1065168439,0.2581521864,0.0616870618,0.0989015008,0.2524508623,0.2222915448,0.0632702020,0.3729513889,0.0455895604,0.0364722509,0.2883336203,0.1933829775,0.0401570756,0.0421904871,0.0401570756,0.0421904871,0.1713517463,0.0730069637,0.1713517463,0.0730069637,0.0122140590,0.0227613439,0.0122140590,0.0227613439,0.0188162313,0.0288132552,0.0188162313,0.0288132552,0.0310760976,0.0398201466,0.0310760976,0.0398201466,0.2736152099,0.2065921965,0.2736152099,0.2065921965,0.0919043841,0.0316385461,0.0422286648,0.4084964704,0.1531532276,0.3024788303,0.0797003545,0.0259247663,0.0322778383
JN_TS_009_margin_tile_2687_7393,margin,JN_TS_009_tile_2687_7393,/mnt/c/Apps/QuPath-v0.6.0-Windows/projects/JN_HandE_QuPath/tiles_manual/JN_TS_009/JN_TS_009_tile_2687_7393_cl.png,7921,7921,3,3,0,0.0174997130,0.1745143193,0.0098814853,0.0312883092,0.3001733242,0.4666428489,0.0057027584,0.1324103875,0.0045748569,0.0256993448,0.3990090703,0.4326035822,0.0070983988,0.1274444731,0.0039114153,0.0386135503,0.4446458907,0.3782862718,0.0202886017,0.1836177470,0.0089879293,0.0543785068,0.4534271626,0.2793000528,0.0523419683,0.3340279210,0.0210750549,0.0552469641,0.3675572386,0.1697508531,0.0466993391,0.2784300311,0.0158845651,0.0717182713,0.4603615194,0.1269062740,0.0282808196,0.1444008264,0.0091725494,0.0639237546,0.5088058138,0.2454162362,0.0449300368,0.2714482003,0.0156778883,0.0609413904,0.3942970982,0.2127053859,0.0524124770,0.2638669364,0.0173205062,0.0963343664,0.3755663166,0.1944993974,0.0133803602,0.0317741544,0.0133803602,0.0317741544,0.0557361826,0.0817822611,0.0557361826,0.0817822611,0.0030248409,0.0079343955,0.0030248409,0.0079343955,0.0190252058,0.0418661024,0.0190252058,0.0418661024,0.0060558087,0.0449469812,0.0060558087,0.0449469812,0.0972223982,0.2083038945,0.0972223982,0.2083038945,0.0467097187,0.0189359202,0.0291996261,0.3397365749,0.1206182882,0.1837868744,0.0706350216,0.0217703956,0.0253102043
JN_TS_010_margin_tile_14615_11100,margin,JN_TS_010_tile_14615_11100,/mnt/c/Apps/QuPath-v0.6.0-Windows/projects/JN_HandE_QuPath/tiles_manual/JN_TS_010/JN_TS_010_tile_14615_11100_cl.png,7921,7921,3,3,0,0.1168698347,0.1962603306,0.0418163166,0.2646137511,0.2667289371,0.1137108299,0.0583023533,0.1417667780,0.0312535139,0.2459383211,0.3863115728,0.1364274609,0.0238871671,0.1715955005,0.0155155246,0.1366256313,0.4277182335,0.2246579431,0.1685905821,0.3224082935,0.0706384175,0.1555514440,0.2494961447,0.0333151182,0.1686134860,0.2109405164,0.0475675499,0.3095790451,0.2263572669,0.0369421356,0.0481150964,0.1522973965,0.0181494039,0.2737907760,0.3978219338,0.1098253933,0.1243448691,0.3152421947,0.1121272383,0.0806861226,0.3026770546,0.0649225207,0.1952242034,0.1820440777,0.0681200016,0.3238883056,0.2054524801,0.0252709316,0.0848691460,0.1371262339,0.0306625918,0.4034571568,0.3028179522,0.0410669192,0.0843112921,0.0684596211,0.0843112921,0.0684596211,0.1242972293,0.0415966324,0.1242972293,0.0415966324,0.0534181507,0.0407748256,0.0534181507,0.0407748256,0.1043407488,0.0536179605,0.1043407488,0.0536179605,0.1031519944,0.0899370854,0.1031519944,0.0899370854,0.0545339289,0.1145119541,0.0545339289,0.1145119541,0.1713370363,0.0601391553,0.1102882287,0.1993870115,0.0655951145,0.0767686942,0.3227710342,0.1021328472,0.1540276011
JN_TS_010_margin_tile_9700_11208,margin,JN_TS_010_tile_9700_11208,/mnt/c/Apps/QuPath-v0.6.0-Windows/projects/JN_HandE_QuPath/tiles_manual/JN_TS_010/JN_TS_010_tile_9700_11208_cl.png,7921,7921,3,3,0,0.0601068928,0.1932641758,0.0306766529,0.1900133437,0.3330416380,0.1928972968,0.0961920416,0.1614182816,0.0411377118,0.2501745494,0.2681059459,0.1829714697,0.1262916093,0.2042883379,0.0524265381,0.2301119146,0.2677555383,0.1191260618,0.0513176540,0.1878868197,0.0253053538,0.1970828600,0.3497157298,0.1886915826,0.1777276200,0.2363092646,0.0493282968,0.2472700251,0.2086921626,0.0806726308,0.2171056934,0.2622632038,0.0530697452,0.2428826317,0.1959239785,0.0287547474,0.0635027835,0.2197632576,0.0249962695,0.2142843205,0.3315778524,0.1458755165,0.1785725965,0.2457158675,0.0385723957,0.3140276296,0.1861168003,0.0369947105,0.1809951791,0.2898338499,0.0380225551,0.2765558999,0.1848001320,0.0297923841,0.1164883838,0.0468266718,0.1164883838,0.0468266718,0.0518237128,0.0654473932,0.0518237128,0.0654473932,0.0208468541,0.0075498942,0.0208468541,0.0075498942,0.0493899740,0.0448560141,0.0493899740,0.0448560141,0.1219518571,0.0554694458,0.1219518571,0.0554694458,0.1165970676,0.0941107391,0.1165970676,0.0941107391,0.1657880394,0.0626926484,0.1150698130,0.1641425494,0.0697815920,0.1459767593,0.1240142859,0.0388588527,0.0358902289
JN_TS_011_margin_tile_11899_13199,margin,JN_TS_011_tile_11899_13199,/mnt/c/Apps/QuPath-v0.6.0-Windows/projects/JN_HandE_QuPath/tiles_manual/JN_TS_011/JN_TS_011_tile_11899_13199_cl.png,7921,7921,3,3,0,0.0848760331,0.3424624082,0.0485616104,0.0410567321,0.3897903753,0.0932528409,0.0839305589,0.4024052528,0.0321057508,0.0537019667,0.3383978463,0.0894586245,0.0981657484,0.3451340106,0.0559511306,0.0345199151,0.2658066460,0.2004225494,0.0404644705,0.2772608229,0.0227297110,0.0402194990,0.5302252934,0.0891002031,0.0889245279,0.2968165335,0.0555513420,0.0494001260,0.3902053669,0.1191021037,0.1098169311,0.3284149714,0.0762046344,0.0338835152,0.2747286381,0.1769513098,0.0053357438,0.1711393767,0.0027486513,0.0299449036,0.6025997188,0.1882316058,0.0147146398,0.1471270352,0.0104081328,0.0263378771,0.3327237731,0.4686885420,0.0211801251,0.1501832243,0.0150321396,0.0267932163,0.3060676366,0.4807436582,0.0328288524,0.0752472772,0.0328288524,0.0752472772,0.0109565328,0.2071840118,0.0109565328,0.2071840118,0.0243826440,0.0361431894,0.0243826440,0.0361431894,0.0053414961,0.0154008723,0.0053414961,0.0154008723,0.2253374889,0.0824654203,0.2253374889,0.0824654203,0.1625109558,0.2515099304,0.1625109558,0.2515099304,0.1044811873,0.0401371608,0.0677444028,0.3916434551,0.1552782726,0.1071697084,0.0273640896,0.0096315279,0.0111118285
JN_TS_011_margin_tile_8996_10421,margin,JN_TS_011_tile_8996_10421,/mnt/c/Apps/QuPath-v0.6.0-Windows/projects/JN_HandE_QuPath/tiles_manual/JN_TS_011/JN_TS_011_tile_8996_10421_cl.png,7921,7921,3,3,0,0.1224146292,0.3272565140,0.0766912018,0.0378642964,0.3677904040,0.0679829545,0.1060346460,0.3330926646,0.0687581036,0.0542824114,0.3808758735,0.0569563010,0.0911134068,0.3030358988,0.0515228994,0.0775408919,0.3901133494,0.0866735537,0.0864879866,0.3121225030,0.0496091643,0.0439164458,0.4311017693,0.0767621310,0.1148390919,0.3587233961,0.0690590994,0.0430063251,0.3208150791,0.0935570084,0.1095118642,0.3250206533,0.0808909332,0.0310109807,0.3595718162,0.0939937524,0.0119636708,0.2476048841,0.0053015955,0.0154896981,0.2761438246,0.4434963269,0.0186446537,0.2868937386,0.0107556539,0.0246622319,0.2978738540,0.3611698679,0.0131069215,0.1800330005,0.0072190657,0.0320292413,0.3758842688,0.3917275023,0.0023780314,0.0919491454,0.0023780314,0.0919491454,0.0262981162,0.0829511514,0.0262981162,0.0829511514,0.0026769789,0.0578986299,0.0026769789,0.0578986299,0.0144368912,0.0325021428,0.0144368912,0.0325021428,0.0168444788,0.0629592265,0.0168444788,0.0629592265,0.0052822013,0.3282602960,0.0052822013,0.3282602960,0.1104509584,0.0465850089,0.0908672105,0.3865400259,0.1615170823,0.2844077370,0.0620511938,0.0181058580,0.0129054651
JN_TS_012_margin_tile_11018_3851,margin,JN_TS_012_tile_11018_3851,/mnt/c/Apps/QuPath-v0.6.0-Windows/projects/JN_HandE_QuPath/tiles_manual/JN_TS_012/JN_TS_012_tile_11018_3851_cl.png,7921,7921,3,3,0,0.0413916150,0.0779839589,0.0161101067,0.1475803489,0.1320103019,0.5849236685,0.1118902964,0.1122019609,0.0443450025,0.2285360229,0.1835998187,0.3194268987,0.2913264750,0.1425571051,0.0489335112,0.3083465335,0.1520613809,0.0567749943,0.0578056693,0.0863378197,0.0227482129,0.1309992198,0.1341966140,0.5679124643,0.2428437130,0.1094854522,0.0651872053,0.1944778699,0.1288204057,0.2591853538,0.4216930284,0.0934422797,0.0327976375,0.4143882024,0.0342063670,0.0034724852,0.0835591713,0.1055357553,0.0292658115,0.1528310090,0.1307931589,0.4980150941,0.2928172295,0.1161870504,0.0626455773,0.2162992094,0.1267836449,0.1852672886,0.4281470960,0.0932321798,0.0523725895,0.3877483643,0.0333354855,0.0051642849,0.3194700479,0.1199717034,0.3194700479,0.1199717034,0.0197913436,0.0059293465,0.0197913436,0.0059293465,0.0219932024,0.0116317860,0.0219932024,0.0116317860,0.2263575075,0.0241385591,0.2263575075,0.0241385591,0.0591322805,0.0589197374,0.0591322805,0.0589197374,0.5284798209,0.0908929646,0.5284798209,0.0908929646,0.3867554809,0.1514185544,0.2092580582,0.5814511833,0.2334576127,0.4412400999,0.2833889826,0.1046712190,0.1555155246
JN_TS_012_margin_tile_19915_13138,margin,JN_TS_012_tile_19915_13138,/mnt/c/Apps/QuPath-v0.6.0-Windows/projects/JN_HandE_QuPath/tiles_manual/JN_TS_012/JN_TS_012_tile_19915_13138_cl.png,7921,7921,3,3,0,0.1110268882,0.1532702020,0.0400203742,0.2562858701,0.1925447658,0.2468518997,0.0659224295,0.1452467213,0.0366362891,0.4776135073,0.2385375432,0.0360435097,0.0866648014,0.1688036616,0.0277264118,0.3450146350,0.1772590966,0.1945313935,0.2452883148,0.1295966576,0.0477852168,0.2619135314,0.1622523034,0.1531639760,0.1755434967,0.1671291596,0.0420113261,0.3662134164,0.1881807016,0.0609218996,0.1193167476,0.1660909550,0.0296300758,0.3423459319,0.1748359207,0.1677803690,0.2448865071,0.0900189394,0.0447004132,0.2485567321,0.1342554809,0.2375819272,0.2562066137,0.1066373217,0.0503928436,0.2665711450,0.1497393951,0.1704526809,0.0995134584,0.1067464417,0.0188673669,0.3158564337,0.1291843147,0.3298319846,0.0985689009,0.1123308200,0.0985689009,0.1123308200,0.0229184198,0.0546392940,0.0229184198,0.0546392940,0.0187607166,0.0031925162,0.0187607166,0.0031925162,0.0788202890,0.0826432339,0.0788202890,0.0826432339,0.0025910727,0.0650540716,0.0025910727,0.0650540716,0.0181819814,0.0868132633,0.0181819814,0.0868132633,0.1902841841,0.0756445822,0.1453730487,0.2937884749,0.0910023236,0.0844179512,0.2290567752,0.0737497756,0.0831011036
JN_TS_013_margin_tile_12979_13919,margin,JN_TS_013_tile_12979_13919,/mnt/c/Apps/QuPath-v0.6.0-Windows/projects/JN_HandE_QuPath/tiles_manual/JN_TS_013/JN_TS_013_tile_12979_13919_cl.png,7921,7921,3,3,0,0.1694282312,0.1539263372,0.0834141127,0.4097391529,0.1437954832,0.0396966827,0.2076590880,0.1266221473,0.0632646036,0.4621540567,0.1222856643,0.0180144401,0.2450321396,0.0876295627,0.0628084826,0.5339072544,0.0599487775,0.0106737833,0.0948943238,0.1969068764,0.0227942526,0.4073865788,0.1479115750,0.1301063934,0.1267192946,0.1679245854,0.0266183753,0.4513900667,0.1369445586,0.0904031194,0.1973390187,0.1382112492,0.0379935286,0.5143053022,0.0979616307,0.0141892706,0.0724321338,0.1716612144,0.0139491506,0.2508222854,0.1677947084,0.3233405073,0.0656849162,0.1761416704,0.0113472858,0.3249556814,0.1791229218,0.2427475245,0.1793709826,0.1471546430,0.0190652261,0.4958854167,0.1071883609,0.0513353708,0.0949958174,0.1015438087,0.0949958174,0.1015438087,0.0498329911,0.0422598269,0.0498329911,0.0422598269,0.0000967596,0.0550418455,0.0000967596,0.0550418455,0.1587166521,0.1113790268,0.1587166521,0.1113790268,0.0648009992,0.0426920220,0.0648009992,0.0426920220,0.1389817196,0.1830128321,0.1389817196,0.1830128321,0.1793472234,0.0637701573,0.1024446950,0.3126667241,0.1113994102,0.1120919532,0.2830849690,0.0920293344,0.0884988379
JN_TS_013_margin_tile_14853_8902,margin,JN_TS_013_tile_14853_8902,/mnt/c/Apps/QuPath-v0.6.0-Windows/projects/JN_HandE_QuPath/tiles_manual/JN_TS_013/JN_TS_013_tile_14853_8902_cl.png,7921,7921,3,3,0,0.1265604913,0.1586600379,0.0415878960,0.3598682851,0.1742193239,0.1391039658,0.2482968171,0.1045735660,0.1101109543,0.3697714078,0.1183226624,0.0489245924,0.1996622475,0.1589121327,0.0546885044,0.4136182851,0.1403337351,0.0327850953,0.0859571673,0.2372429807,0.0131756796,0.3462601689,0.2097403417,0.1076236618,0.1562833832,0.1125369737,0.0673422242,0.4735460003,0.1231403088,0.0671511098,0.1949881243,0.1101696155,0.0564577525,0.5176059631,0.0969078804,0.0238706642,0.2131842573,0.1466325184,0.0359307564,0.4582422234,0.1097372876,0.0362729568,0.1342142554,0.1313280954,0.0372375305,0.5452475818,0.1294027457,0.0225697911,0.0551492195,0.1350918274,0.0045556416,0.6958925907,0.0923487718,0.0169619490,0.0080325585,0.0573239412,0.0080325585,0.0573239412,0.0461206538,0.0030310985,0.0461206538,0.0030310985,0.0083358555,0.0428878087,0.0083358555,0.0428878087,0.1542487205,0.1853748060,0.1542487205,0.1853748060,0.0547021887,0.0337956387,0.0547021887,0.0337956387,0.0697942920,0.0483363188,0.0697942920,0.0483363188,0.1931475976,0.0628705922,0.0731017562,0.1221420168,0.0423366428,0.0432804456,0.3496324218,0.1115206385,0.1478345553
JN_TS_001_tumour_inv_tile_10009_14592,tumour_inv,JN_TS_001_tile_10009_14592,/mnt/c/Apps/QuPath-v0.6.0-Windows/projects/JN_HandE_QuPath/tiles_manual/JN_TS_001/JN_TS_001_tile_10009_14592_cl.png,7921,7921,3,3,0,0.1017388372,0.2175591139,0.0200097567,0.3039431244,0.1711811295,0.1855680383,0.0773757071,0.1817499111,0.0133923961,0.4526201049,0.1703737967,0.1044880842,0.1473258150,0.1520005452,0.0174265381,0.5516834539,0.1042408460,0.0273228019,0.1007435200,0.1884758700,0.0293544112,0.2614476840,0.1625882069,0.2573903078,0.0713375612,0.1627118800,0.0203689497,0.3033012319,0.1649248209,0.2773555563,0.1278250605,0.1332327918,0.0263922355,0.5156751632,0.1127925889,0.0840821601,0.1133291724,0.1604581325,0.0240797176,0.3470194846,0.1550063131,0.2001071798,0.1250751552,0.1697589297,0.0230255987,0.3977228265,0.1541148899,0.1303026000,0.0988462753,0.1342536157,0.0201232495,0.4945005452,0.1437498565,0.1085264578,0.0193952070,0.0036034145,0.0193952070,0.0036034145,0.0490020546,0.0289462974,0.0490020546,0.0289462974,0.0031672875,0.0054666250,0.0031672875,0.0054666250,0.2164829564,0.0230012756,0.2164829564,0.0230012756,0.0426641194,0.0023584292,0.0426641194,0.0023584292,0.1410447021,0.0405191044,0.1410447021,0.0405191044,0.0759882538,0.0242623665,0.0262288799,0.2500327544,0.0829396783,0.0956190956,0.2902357699,0.1052305252,0.1905574208
JN_TS_001_tumour_inv_tile_6722_12156,tumour_inv,JN_TS_001_tile_6722_12156,/mnt/c/Apps/QuPath-v0.6.0-Windows/projects/JN_HandE_QuPath/tiles_manual/JN_TS_001/JN_TS_001_tile_6722_12156_cl.png,7921,7921,3,3,0,0.1326023014,0.1062099690,0.0138474231,0.6326452020,0.0703160870,0.0443790174,0.1362771505,0.1164990018,0.0142814935,0.6370533717,0.0684111562,0.0274778264,0.1250472050,0.1123189279,0.0103908402,0.6490227560,0.0686204373,0.0345998336,0.1683430289,0.1670910640,0.0275835313,0.3747208931,0.1311419286,0.1311195541,0.1651295556,0.1695532870,0.0210850909,0.4213600203,0.1256635059,0.0972085402,0.1504010189,0.1603760054,0.0291240692,0.4154865581,0.1334903847,0.1111219637,0.1589422635,0.1756861226,0.0343072773,0.3316229052,0.1549205119,0.1445209194,0.1461336672,0.1665076073,0.0174180751,0.4555878742,0.1256703728,0.0886824034,0.1090715393,0.1584033517,0.0292887684,0.3899764692,0.1350483528,0.1782115186,0.0251226102,0.0067402710,0.0251226102,0.0067402710,0.0059629569,0.0551897276,0.0059629569,0.0551897276,0.0023115180,0.0141647880,0.0023115180,0.0141647880,0.0384989277,0.2471780270,0.0384989277,0.2471780270,0.0064064509,0.0694305190,0.0064064509,0.0694305190,0.0013046083,0.1016527213,0.0013046083,0.1016527213,0.0592714897,0.0196047481,0.0263399621,0.1507336922,0.0521477671,0.0867405367,0.3173998508,0.1254580884,0.2426687328
JN_TS_002_tumour_inv_tile_11175_10127,tumour_inv,JN_TS_002_tile_11175_10127,/mnt/c/Apps/QuPath-v0.6.0-Windows/projects/JN_HandE_QuPath/tiles_manual/JN_TS_002/JN_TS_002_tile_11175_10127_cl.png,7921,7921,3,3,0,0.1752440599,0.0832661846,0.0226529500,0.6599519341,0.0474585342,0.0114263372,0.1871331165,0.0943236320,0.0367127351,0.5957997717,0.0706768556,0.0153538891,0.3391272096,0.0972593836,0.1130584252,0.3452559688,0.0910059401,0.0142930728,0.1835137632,0.0819944523,0.0401226865,0.5989861221,0.0870380251,0.0083449508,0.2566382136,0.0846249563,0.1209399845,0.4521288607,0.0746606286,0.0110073563,0.1569849862,0.0992789979,0.0663825399,0.4998723509,0.0847307322,0.0927503930,0.2288155705,0.0852381772,0.0274248163,0.6006476699,0.0505105028,0.0073632633,0.2064411151,0.0770327757,0.0794695822,0.5619168302,0.0636799651,0.0114597317,0.2077658689,0.1111674989,0.0713248967,0.4039546028,0.0889666552,0.1168204775,0.0387682237,0.0194939438,0.0387682237,0.0194939438,0.0190690221,0.0004702495,0.0190690221,0.0004702495,0.0535218030,0.0019317284,0.0535218030,0.0019317284,0.2035009345,0.0114961906,0.2035009345,0.0114961906,0.0265654218,0.0019947356,0.0265654218,0.0019947356,0.0655764640,0.0315233911,0.0655764640,0.0315233911,0.1821422234,0.0549625451,0.0453018073,0.1094572142,0.0417254071,0.0043465329,0.3146959653,0.1052858213,0.1468572614
JN_TS_002_tumour_inv_tile_14559_5229,tumour_inv,JN_TS_002_tile_14559_5229,/mnt/c/Apps/QuPath-v0.6.0-Windows/projects/JN_HandE_QuPath/tiles_manual/JN_TS_002/JN_TS_002_tile_14559_5229_cl.png,7921,7921,3,3,0,0.2182667585,0.0845125976,0.0165164428,0.6155018939,0.0623459022,0.0028564050,0.2378090829,0.0872501520,0.0130691141,0.6321084759,0.0278563274,0.0019068477,0.2000583965,0.0892811639,0.0135946109,0.6618517562,0.0321441690,0.0030699036,0.2305194600,0.1014584983,0.0166993678,0.5981294390,0.0500747249,0.0031185100,0.1889845863,0.0860801783,0.0102622539,0.6838865065,0.0283183326,0.0024681425,0.1946867865,0.0814807006,0.0142522346,0.6758238385,0.0309256423,0.0028307976,0.1640548955,0.1119880624,0.0116008092,0.6544487489,0.0531859791,0.0047215048,0.1367226315,0.0867627907,0.0079432148,0.7351336156,0.0301423933,0.0032953541,0.1276434803,0.0830948691,0.0069694100,0.7456050562,0.0339294938,0.0027576905,0.0301508170,0.0759044102,0.0301508170,0.0759044102,0.0147008082,0.0069339363,0.0147008082,0.0069339363,0.0033334548,0.0055555779,0.0033334548,0.0055555779,0.0717335231,0.0752417649,0.0717335231,0.0752417649,0.0228691004,0.0016961775,0.0228691004,0.0016961775,0.0006793427,0.0009804644,0.0006793427,0.0009804644,0.1101656026,0.0391097858,0.0542118629,0.0028146571,0.0007628475,0.0003608194,0.1474756172,0.0499757386,0.0517780306
JN_TS_002_tumour_inv_tile_3873_3799,tumour_inv,JN_TS_002_tile_3873_3799,/mnt/c/Apps/QuPath-v0.6.0-Windows/projects/JN_HandE_QuPath/tiles_manual/JN_TS_002/JN_TS_002_tile_3873_3799_cl.png,7921,7921,3,3,0,0.1302526687,0.1763003616,0.0999325643,0.2663956325,0.2753212523,0.0517975207,0.0827186098,0.1281388765,0.0172560038,0.4408349397,0.2755899108,0.0554616594,0.1382047750,0.1265455693,0.0154509584,0.5910108184,0.1062884527,0.0224994261,0.1605494074,0.1255192019,0.0302262974,0.4661892017,0.1980184274,0.0194974642,0.1476201529,0.0932232392,0.0108311525,0.6654420341,0.0772051882,0.0056782331,0.0964593875,0.0942775923,0.0060918729,0.6919157975,0.1028659369,0.0083894129,0.0472067264,0.1179813763,0.0051595500,0.4233153983,0.3777621384,0.0285748106,0.0969288206,0.0948452721,0.0104957661,0.6235667447,0.1599343970,0.0142289996,0.0760393710,0.1258083678,0.0150855142,0.4728787879,0.2719209137,0.0382670455,0.0091017563,0.0436670452,0.0091017563,0.0436670452,0.0243898034,0.0307832637,0.0243898034,0.0307832637,0.0328966887,0.0339662321,0.0328966887,0.0339662321,0.1999683904,0.0738398468,0.1999683904,0.0738398468,0.1233421716,0.0508059444,0.1233421716,0.0508059444,0.0102379704,0.0162292502,0.0102379704,0.0162292502,0.1133426810,0.0376648972,0.0554861652,0.0497834263,0.0180097428,0.0240380459,0.4255201650,0.1375495211,0.1827318050
JN_TS_002_tumour_inv_tile_9248_7887,tumour_inv,JN_TS_002_tile_9248_7887,/mnt/c/Apps/QuPath-v0.6.0-Windows/projects/JN_HandE_QuPath/tiles_manual/JN_TS_002/JN_TS_002_tile_9248_7887_cl.png,7921,7921,3,3,0,0.2048085973,0.1737416781,0.0302325815,0.3999801997,0.1384795397,0.0527574036,0.1805931810,0.1262209849,0.0208220027,0.5695622927,0.0852244042,0.0175771345,0.1385346361,0.1342177456,0.0187841483,0.5910019226,0.0981323175,0.0193292298,0.1899586073,0.1299923697,0.0236903778,0.5238416922,0.0935475543,0.0389693986,0.1719742602,0.1070618983,0.0147046236,0.6381555470,0.0567056269,0.0113980439,0.1743958900,0.1143559315,0.0261573038,0.5779816816,0.0890718048,0.0180373883,0.2507637454,0.1239708161,0.0281436524,0.5174902433,0.0707225666,0.0089089761,0.2251716808,0.0960915000,0.0188387089,0.6026376028,0.0485567049,0.0087038025,0.1032076446,0.0896549300,0.0144651056,0.7193454431,0.0599348600,0.0133920168,0.0764642598,0.0184022188,0.0764642598,0.0184022188,0.0298254190,0.0414877209,0.0298254190,0.0414877209,0.0075533513,0.0027970885,0.0075533513,0.0027970885,0.1490056374,0.0929762914,0.1490056374,0.0929762914,0.0185368928,0.0475407100,0.0185368928,0.0475407100,0.0166257145,0.0195529908,0.0166257145,0.0195529908,0.1475561008,0.0439223578,0.0328343371,0.0440536011,0.0150090982,0.0079311859,0.3193652433,0.0882488849,0.0787959106
JN_TS_003_tumour_inv_tile_12269_15511,tumour_inv,JN_TS_003_tile_12269_15511,/mnt/c/Apps/QuPath-v0.6.0-Windows/projects/JN_HandE_QuPath/tiles_manual/JN_TS_003/JN_TS_003_tile_12269_15511_cl.png,7921,7921,3,3,0,0.0582383494,0.1999837867,0.0065645087,0.5117521809,0.1210695018,0.1023916724,0.0663759423,0.1689056888,0.0063123186,0.5417228896,0.1091515783,0.1075315824,0.0676602674,0.1644457358,0.0142313763,0.5341765668,0.1166396924,0.1028463613,0.0409664613,0.2011732241,0.0047517010,0.5701491917,0.1144041226,0.0685552993,0.0570488586,0.2127604758,0.0104205362,0.4825713872,0.1385586363,0.0986401058,0.0624721754,0.1983394146,0.0083188473,0.5335765837,0.1289116554,0.0683813236,0.0780904213,0.2406865530,0.0104810893,0.4613688017,0.1402068985,0.0691662362,0.0502072505,0.2211799938,0.0058202242,0.5246133237,0.1217270203,0.0764521875,0.0878400482,0.2402086203,0.0117917815,0.4383780992,0.1495631026,0.0722183483,0.0135590864,0.0079543869,0.0135590864,0.0079543869,0.0129499311,0.0562466519,0.0129499311,0.0562466519,0.0041815687,0.0003282971,0.0041815687,0.0003282971,0.0123796415,0.0544304709,0.0123796415,0.0544304709,0.0064779758,0.0215454163,0.0064779758,0.0215454163,0.0011109418,0.0316442814,0.0011109418,0.0316442814,0.0468735869,0.0140755202,0.0106114088,0.0391502587,0.0171328793,0.0332254362,0.1317710925,0.0421612913,0.0516051796
JN_TS_003_tumour_inv_tile_13315_8127,tumour_inv,JN_TS_003_tile_13315_8127,/mnt/c/Apps/QuPath-v0.6.0-Windows/projects/JN_HandE_QuPath/tiles_manual/JN_TS_003/JN_TS_003_tile_13315_8127_cl.png,7921,7921,3,3,0,0.1047179178,0.2530188246,0.0279226928,0.1935656279,0.1902499426,0.2305249943,0.1080424655,0.2335315480,0.0288990339,0.1579591351,0.1772319943,0.2943358232,0.1200017218,0.2407627410,0.0301044536,0.2597060090,0.1900746097,0.1593504649,0.1023927748,0.2460773008,0.0235605774,0.2423192546,0.1777669730,0.2078831193,0.1064393787,0.2281280498,0.0313311439,0.1385924720,0.1888559819,0.3066529737,0.1277610926,0.2108115900,0.0338314516,0.2175004016,0.1802199867,0.2298754776,0.0788709539,0.2574050161,0.0151304236,0.3191800103,0.1821879304,0.1472256657,0.1129274093,0.2159277363,0.0279455383,0.1784806604,0.1702269285,0.2944917272,0.1266032484,0.2332620236,0.0287947658,0.2300406049,0.1831409263,0.1981584309,0.0294614721,0.0047868312,0.0294614721,0.0047868312,0.0238882623,0.0069061125,0.0238882623,0.0069061125,0.0087056591,0.0050184842,0.0087056591,0.0050184842,0.0159392925,0.0388235013,0.0159392925,0.0388235013,0.0010768922,0.0073335871,0.0010768922,0.0073335871,0.0005835313,0.0147784862,0.0005835313,0.0147784862,0.0488901387,0.0148764375,0.0152838039,0.1594273080,0.0586515017,0.0961773923,0.1805875383,0.0555823373,0.0638385942
JN_TS_003_tumour_inv_tile_13991_11516,tumour_inv,JN_TS_003_tile_13991_11516,/mnt/c/Apps/QuPath-v0.6.0-Windows/projects/JN_HandE_QuPath/tiles_manual/JN_TS_003/JN_TS_003_tile_13991_11516_cl.png,7921,7921,3,3,0,0.1448110365,0.1999705865,0.0497819100,0.3003829488,0.1711359332,0.1339175849,0.0956878994,0.1636178617,0.0312961114,0.4312611155,0.1636105470,0.1145264650,0.1279709022,0.1582953111,0.0241729798,0.4186386593,0.1628475092,0.1080746384,0.1374099285,0.1572494636,0.0510636467,0.2952381157,0.1540185077,0.2050203378,0.2064949925,0.1271432445,0.0990637690,0.3273531118,0.1678600682,0.0720848141,0.1341495703,0.1774317866,0.0348299829,0.3750529242,0.1699961562,0.1085395798,0.0829872590,0.1766966540,0.0144817493,0.4917203283,0.1505868343,0.0835271752,0.0948422602,0.1413332014,0.0158251867,0.5762536860,0.1089364394,0.0628092263,0.2171511995,0.1435023531,0.0781874139,0.3372824839,0.1443991047,0.0794774449,0.0380211493,0.0088369602,0.0380211493,0.0088369602,0.0182290845,0.0201171836,0.0182290845,0.0201171836,0.0072876902,0.0010811162,0.0072876902,0.0010811162,0.0145442249,0.0849912582,0.0145442249,0.0849912582,0.0005004983,0.0312238703,0.0005004983,0.0312238703,0.0421244782,0.0435682807,0.0421244782,0.0435682807,0.1341639405,0.0471671260,0.0491231371,0.1422111115,0.0431136905,0.0350490200,0.2810155703,0.0944001639,0.1039080037
JN_TS_003_tumour_inv_tile_17451_2594,tumour_inv,JN_TS_003_tile_17451_2594,/mnt/c/Apps/QuPath-v0.6.0-Windows/projects/JN_HandE_QuPath/tiles_manual/JN_TS_003/JN_TS_003_tile_17451_2594_cl.png,7921,7921,3,3,0,0.1620463154,0.1554878329,0.0197886536,0.5095348370,0.1378525310,0.0152898301,0.1580060354,0.1395849827,0.0133579739,0.5709060503,0.1072967941,0.0108481636,0.1355188246,0.1264999426,0.0124119031,0.6297222222,0.0858859906,0.0099611169,0.1494462325,0.1343771872,0.0126788521,0.6107823311,0.0792363717,0.0134790254,0.1180028735,0.1295181954,0.0101842598,0.6580216924,0.0737289998,0.0105439792,0.0737823139,0.1061412114,0.0032626530,0.7569182931,0.0504522220,0.0094433066,0.0797233701,0.1260037879,0.0064053891,0.7090408345,0.0668352560,0.0119913625,0.0721901426,0.1297230158,0.0046906016,0.7237883378,0.0589413158,0.0106665863,0.0469003960,0.0877575471,0.0023801940,0.8135931761,0.0415561869,0.0078125000,0.0450047945,0.0855857556,0.0450047945,0.0855857556,0.0318233690,0.0260294691,0.0318233690,0.0260294691,0.0069393816,0.0106941153,0.0069393816,0.0106941153,0.1236252296,0.1787530796,0.1236252296,0.1787530796,0.0353432531,0.0545675190,0.0353432531,0.0545675190,0.0045144315,0.0018762206,0.0045144315,0.0018762206,0.1151459194,0.0431866523,0.0756639186,0.0074773301,0.0022197040,0.0020302456,0.3040583391,0.0956423189,0.1130060067
JN_TS_003_tumour_inv_tile_4733_12460,tumour_inv,JN_TS_003_tile_4733_12460,/mnt/c/Apps/QuPath-v0.6.0-Windows/projects/JN_HandE_QuPath/tiles_manual/JN_TS_003/JN_TS_003_tile_4733_12460_cl.png,7921,7921,3,3,0,0.0688081095,0.3116894800,0.0172062959,0.1752129247,0.2674702996,0.1596128903,0.0714068936,0.2851552729,0.0138411759,0.1200345943,0.2877405253,0.2218215380,0.0865854568,0.3260019226,0.0131600092,0.1635880108,0.2708617424,0.1398028581,0.0727543802,0.2589735867,0.0113002421,0.2973298395,0.2327087134,0.1269332381,0.0951335227,0.3173950925,0.0172315485,0.2044476458,0.2105542733,0.1552379173,0.0963926945,0.3330030234,0.0180107110,0.2014085860,0.2213423520,0.1298426331,0.0915944961,0.2149325643,0.0121968262,0.3271811869,0.2218419995,0.1322529270,0.0957185926,0.3211250617,0.0166531846,0.2395360745,0.1942299749,0.1327371117,0.1159023473,0.2958452422,0.0234921660,0.1748549415,0.1889769858,0.2009283173,0.0219078376,0.0254716587,0.0219078376,0.0254716587,0.0564181858,0.0303146025,0.0564181858,0.0303146025,0.0046531740,0.0027115653,0.0046531740,0.0027115653,0.0866241376,0.0942455577,0.0866241376,0.0942455577,0.0136133108,0.0736745357,0.0136133108,0.0736745357,0.0172582510,0.0184396435,0.0172582510,0.0184396435,0.0470942378,0.0152063565,0.0229642124,0.0948882999,0.0340194557,0.0273599633,0.2071465925,0.0661509471,0.0646811330
JN_TS_003_tumour_inv_tile_6454_8576,tumour_inv,JN_TS_003_tile_6454_8576,/mnt/c/Apps/QuPath-v0.6.0-Windows/projects/JN_HandE_QuPath/tiles_manual/JN_TS_003/JN_TS_003_tile_6454_8576_cl.png,7921,7921,3,3,0,0.0294813189,0.0943497475,0.0229495236,0.0213259011,0.1160337753,0.7158597337,0.1177697555,0.2610374858,0.0555802726,0.0974267954,0.3095963421,0.1585893486,0.1068760044,0.2650533747,0.0220780246,0.2644615186,0.2406221304,0.1009089474,0.1025515473,0.2925255011,0.0432916824,0.0534106686,0.2786739986,0.2295466020,0.1094678174,0.2938791357,0.0280016247,0.1854917668,0.2609079639,0.1222516915,0.1134345634,0.2583820981,0.0216147178,0.2988233337,0.2098669868,0.0978783002,0.0559439566,0.3700744663,0.0223262454,0.0537766873,0.3317782943,0.1661003501,0.0972829392,0.2747642078,0.0241294046,0.2963194038,0.1985780753,0.1089259693,0.1257112316,0.2478559745,0.0209224346,0.3674523646,0.1691751320,0.0688828627,0.0526816589,0.0082703496,0.0526816589,0.0082703496,0.0047805775,0.0907513469,0.0047805775,0.0907513469,0.0079840915,0.0110765787,0.0079840915,0.0110765787,0.2674079866,0.1114447469,0.2674079866,0.1114447469,0.0356072730,0.0110930846,0.0356072730,0.0110930846,0.2812788585,0.2104829492,0.2812788585,0.2104829492,0.0962299128,0.0316835241,0.0161516242,0.6469768710,0.2004744342,0.0651914027,0.3461264635,0.1293573017,0.2425427165
JN_TS_004_tumour_inv_tile_10763_10849,tumour_inv,JN_TS_004_tile_10763_10849,/mnt/c/Apps/QuPath-v0.6.0-Windows/projects/JN_HandE_QuPath/tiles_manual/JN_TS_004/JN_TS_004_tile_10763_10849_cl.png,7921,7921,3,3,0,0.0933983299,0.4106828225,0.0144137397,0.2855153811,0.1209353478,0.0750543790,0.0837289020,0.3283980471,0.0142533820,0.3976546992,0.1071347228,0.0688302468,0.0871563648,0.3268216253,0.0124565255,0.3869894972,0.1130800907,0.0734958965,0.0880629468,0.4324253038,0.0134233761,0.2779469726,0.1244631567,0.0636782440,0.0879068761,0.3885124348,0.0144128624,0.3270762612,0.1188507732,0.0632407922,0.0783884376,0.3822389935,0.0136997579,0.3449230090,0.1168221404,0.0639276617,0.0996958219,0.3987722394,0.0181760790,0.2429714761,0.1423634068,0.0980209768,0.0986929595,0.3857318451,0.0173754776,0.2777804551,0.1369513958,0.0834678669,0.0937808483,0.4000110480,0.0187962006,0.2593270776,0.1320609504,0.0960238751,0.0072771493,0.0092953443,0.0072771493,0.0092953443,0.0442695663,0.0395375459,0.0442695663,0.0395375459,0.0003535703,0.0044080367,0.0003535703,0.0044080367,0.0616019180,0.0966935229,0.0616019180,0.0966935229,0.0085995766,0.0234085306,0.0085995766,0.0234085306,0.0011020555,0.0200440655,0.0011020555,0.0200440655,0.0213073843,0.0069437153,0.0066244835,0.0347801846,0.0135103949,0.0195402052,0.1546832231,0.0557180165,0.0671425539
JN_TS_004_tumour_inv_tile_16864_7820,tumour_inv,JN_TS_004_tile_16864_7820,/mnt/c/Apps/QuPath-v0.6.0-Windows/projects/JN_HandE_QuPath/tiles_manual/JN_TS_004/JN_TS_004_tile_16864_7820_cl.png,7921,7921,3,3,0,0.1699031508,0.1494408574,0.0159423783,0.5449661387,0.0905833907,0.0291640840,0.1480093915,0.1190603020,0.0084003132,0.6578772389,0.0577931913,0.0088595631,0.1883349116,0.1127321511,0.0103710399,0.5296049989,0.1136532943,0.0453036042,0.2296480041,0.2377674894,0.0350233211,0.2774769658,0.1670797333,0.0530044864,0.1702754499,0.1542066452,0.0175225929,0.5005023025,0.1024625366,0.0550304729,0.1807337384,0.1100621895,0.0078154223,0.6448376705,0.0492777070,0.0072732723,0.1990625000,0.1889350895,0.0284438131,0.3110779672,0.1357988981,0.1366817321,0.1857074627,0.2023402809,0.0246176265,0.3095477207,0.1603557824,0.1174311269,0.1767457243,0.1572936754,0.0176233930,0.4838304924,0.1150552399,0.0494514750,0.0175997602,0.0184227444,0.0175997602,0.0184227444,0.0653518068,0.0557785784,0.0653518068,0.0557785784,0.0145332191,0.0119903670,0.0145332191,0.0119903670,0.1749173634,0.2093307320,0.1749173634,0.2093307320,0.0384919270,0.0497266813,0.0384919270,0.0497266813,0.0389406503,0.0734123609,0.0389406503,0.0734123609,0.0816386126,0.0225600418,0.0180594618,0.1294084598,0.0443943345,0.0258663889,0.3804002731,0.1432343063,0.2338881715
JN_TS_004_tumour_inv_tile_7378_18446,tumour_inv,JN_TS_004_tile_7378_18446,/mnt/c/Apps/QuPath-v0.6.0-Windows/projects/JN_HandE_QuPath/tiles_manual/JN_TS_004/JN_TS_004_tile_7378_18446_cl.png,7921,7921,3,3,0,0.0813718147,0.2449391644,0.0335398014,0.0394500402,0.4353176653,0.1653815140,0.0543323236,0.3282619359,0.0218411873,0.1056745035,0.2904638968,0.1994261529,0.0639642160,0.3177124943,0.0234208563,0.1007274449,0.2966243400,0.1975506485,0.0448766824,0.4538241655,0.0185248930,0.0339405987,0.2667429693,0.1820906911,0.0393096312,0.4891696360,0.0158772601,0.0482375255,0.2494564423,0.1579495048,0.0571113444,0.3727734559,0.0170160522,0.1411074490,0.2601082292,0.1518834693,0.1174692952,0.2563309229,0.0591616449,0.0547586662,0.3705473772,0.1417320937,0.0938457368,0.3252565890,0.0436562712,0.0523029901,0.3552118114,0.1297266015,0.0953453570,0.3766094180,0.0382067837,0.0828807966,0.3095125976,0.0974450471,0.0090989583,0.0356640115,0.0090989583,0.0356640115,0.0373337051,0.0224277785,0.0373337051,0.0224277785,0.0108608823,0.0207409516,0.0108608823,0.0207409516,0.0655221285,0.0186365119,0.0655221285,0.0186365119,0.0687876150,0.0042886280,0.0687876150,0.0042886280,0.0141083780,0.0644848577,0.0141083780,0.0644848577,0.0781596640,0.0264107965,0.0395134132,0.1019811058,0.0329458240,0.0403585974,0.1071668503,0.0363966648,0.0524899194
JN_TS_005_tumour_inv_tile_13587_10688,tumour_inv,JN_TS_005_tile_13587_10688,/mnt/c/Apps/QuPath-v0.6.0-Windows/projects/JN_HandE_QuPath/tiles_manual/JN_TS_005/JN_TS_005_tile_13587_10688_cl.png,7921,7921,3,3,0,0.0470018365,0.0958491162,0.0046192034,0.7526964245,0.0838342229,0.0159991965,0.0360376292,0.1010860211,0.0058847659,0.6661457437,0.1358280839,0.0550177561,0.0360573060,0.0750698749,0.0027832300,0.8186570248,0.0556716311,0.0117609332,0.0595464298,0.0742352529,0.0028101442,0.7905475141,0.0644071346,0.0084535243,0.0414630730,0.0806038125,0.0026216935,0.7676701581,0.0899871983,0.0176540646,0.0320630099,0.0599734088,0.0016679001,0.8513522197,0.0450020366,0.0099414249,0.0664349461,0.0731640266,0.0045365588,0.7877871040,0.0605919995,0.0074853650,0.0638034548,0.0677092297,0.0025753560,0.8177311739,0.0395284729,0.0086523126,0.0319146006,0.0563448404,0.0013970673,0.8324202250,0.0670240760,0.0108991908,0.0243160987,0.0143520766,0.0243160987,0.0143520766,0.0172867572,0.0249289718,0.0172867572,0.0249289718,0.0020392363,0.0015927391,0.0020392363,0.0015927391,0.0571328089,0.0668131033,0.0571328089,0.0668131033,0.0137118711,0.0360631298,0.0137118711,0.0360631298,0.0002211543,0.0185803392,0.0002211543,0.0185803392,0.0345203455,0.0138310149,0.0235088006,0.0475323911,0.0149535379,0.0073468839,0.1852064760,0.0551358132,0.0509868667
JN_TS_005_tumour_inv_tile_8818_12453,tumour_inv,JN_TS_005_tile_8818_12453,/mnt/c/Apps/QuPath-v0.6.0-Windows/projects/JN_HandE_QuPath/tiles_manual/JN_TS_005/JN_TS_005_tile_8818_12453_cl.png,7921,7921,3,3,0,0.0005281508,0.1529084883,0.0001751894,0.5277456382,0.3162746786,0.0023678547,0.0099277994,0.0912101419,0.0009761569,0.5796682271,0.3119318899,0.0062857848,0.0165815829,0.0634410870,0.0009844180,0.7076893939,0.2021308253,0.0091726928,0.0014414306,0.1128935607,0.0003793616,0.5789218386,0.3033216011,0.0030422074,0.0299084673,0.0583468019,0.0013845398,0.7564907559,0.1503090877,0.0035603475,0.0171607690,0.0523312451,0.0006817034,0.7728169139,0.1513764586,0.0056329099,0.0019133092,0.0764006543,0.0002365989,0.4475120523,0.4718365473,0.0021008379,0.0202861634,0.0614544250,0.0011958854,0.7978008502,0.1161553532,0.0031073228,0.0082132404,0.0677904040,0.0002869605,0.6364544594,0.2824144858,0.0048404500,0.0126909005,0.0011250600,0.0126909005,0.0011250600,0.0528799891,0.0339714113,0.0528799891,0.0339714113,0.0003873107,0.0001387732,0.0003873107,0.0001387732,0.1875937460,0.0222213676,0.1875937460,0.0222213676,0.1518370191,0.0133563308,0.1518370191,0.0133563308,0.0040450509,0.0025925739,0.0040450509,0.0025925739,0.0293803164,0.0099999860,0.0152474598,0.0070718549,0.0022818658,0.0025907026,0.3502887979,0.1211935828,0.1775689173
JN_TS_006_tumour_inv_tile_11086_10091,tumour_inv,JN_TS_006_tile_11086_10091,/mnt/c/Apps/QuPath-v0.6.0-Windows/projects/JN_HandE_QuPath/tiles_manual/JN_TS_006/JN_TS_006_tile_11086_10091_cl.png,7921,7921,3,3,0,0.1506996097,0.1683730774,0.0761838556,0.2020915117,0.1834069387,0.2192450069,0.2516871192,0.1488765447,0.0516321871,0.3549414535,0.1547167051,0.0381459904,0.1888205923,0.1247331267,0.0429049013,0.4721969697,0.1302222509,0.0411221591,0.2650144000,0.1784670350,0.1261964591,0.2045510482,0.1850214565,0.0407496013,0.2777038060,0.1325816168,0.0660153198,0.3798685598,0.1201901509,0.0236405467,0.2599114488,0.0943921896,0.0843005978,0.4655951316,0.0835028628,0.0122977694,0.2479353191,0.1459534263,0.0547516357,0.3064923382,0.1392844640,0.1055828168,0.2578971751,0.1484370877,0.0483939164,0.3814976249,0.1351697589,0.0286044370,0.2192346763,0.1139449897,0.0355083506,0.5183788166,0.0965564738,0.0163766931,0.0014391295,0.0446199498,0.0014391295,0.0446199498,0.0532410776,0.0112157484,0.0532410776,0.0112157484,0.0314727002,0.0106890138,0.0314727002,0.0106890138,0.2476786733,0.0590462816,0.2476786733,0.0590462816,0.0658104239,0.0324450660,0.0658104239,0.0324450660,0.0985936011,0.0493164032,0.0985936011,0.0493164032,0.1270041963,0.0415347263,0.0406767725,0.2069472374,0.0662429108,0.0174816124,0.3162873049,0.1126033962,0.1591027934
JN_TS_006_tumour_inv_tile_6932_15344,tumour_inv,JN_TS_006_tile_6932_15344,/mnt/c/Apps/QuPath-v0.6.0-Windows/projects/JN_HandE_QuPath/tiles_manual/JN_TS_006/JN_TS_006_tile_6932_15344_cl.png,7921,7921,3,3,0,0.1340546086,0.2757945937,0.0914224633,0.0759235824,0.3163033747,0.1065013774,0.1323521566,0.2439788361,0.0889164745,0.1168501084,0.3479523080,0.0699501165,0.1828315829,0.2127499426,0.0966480142,0.1809154040,0.2963075356,0.0305475207,0.1183306943,0.2487787282,0.0952059883,0.0859532948,0.3485935653,0.1031377291,0.0876359038,0.2229709726,0.0718181428,0.1507825008,0.3826194311,0.0841730490,0.1902995307,0.2330414616,0.0640708008,0.2104960529,0.2216773949,0.0804147591,0.1928325872,0.2301827938,0.1342675333,0.0996225034,0.2710630452,0.0720315370,0.2146376200,0.2057140890,0.1151147981,0.2049381547,0.2251351072,0.0344602309,0.2016082702,0.2307040576,0.0579818067,0.2635986283,0.2196922348,0.0264150023,0.0431738312,0.0532800432,0.0431738312,0.0532800432,0.0260868846,0.0219741440,0.0260868846,0.0219741440,0.0340651211,0.0101257287,0.0340651211,0.0101257287,0.1311702349,0.0648233972,0.1311702349,0.0648233972,0.0660942733,0.0815576103,0.0660942733,0.0815576103,0.0480977871,0.0246974148,0.0480977871,0.0246974148,0.1270017163,0.0441880500,0.0604804307,0.0800863751,0.0304293481,0.0497128181,0.1876750459,0.0648029741,0.1053156513
JN_TS_006_tumour_inv_tile_7455_9286,tumour_inv,JN_TS_006_tile_7455_9286,/mnt/c/Apps/QuPath-v0.6.0-Windows/projects/JN_HandE_QuPath/tiles_manual/JN_TS_006/JN_TS_006_tile_7455_9286_cl.png,7921,7921,3,3,0,0.1966850321,0.2631795225,0.0574058770,0.2455808081,0.2371487603,0.0000000000,0.1980757977,0.2213182564,0.0387961401,0.3709482175,0.1708615882,0.0000000000,0.2388131313,0.1698806244,0.0513728191,0.3984504132,0.1414830119,0.0000000000,0.2701186419,0.2435739447,0.0638509288,0.2264465939,0.1960098907,0.0000000000,0.2380811945,0.2266504619,0.0466835205,0.3191086701,0.1694761531,0.0000000000,0.1962078184,0.2115790621,0.0383543883,0.3819518548,0.1719068764,0.0000000000,0.2883838384,0.2038314968,0.1009550046,0.2107575758,0.1960720845,0.0000000000,0.2787322295,0.2122720962,0.0724949227,0.2666557663,0.1698449853,0.0000000000,0.2129384757,0.2017883379,0.0462121212,0.3759641873,0.1630968779,0.0000000000,0.0357426957,0.0488268608,0.0357426957,0.0488268608,0.0424456465,0.0121621575,0.0424456465,0.0121621575,0.0287574939,0.0240290708,0.0287574939,0.0240290708,0.1578604925,0.0538673031,0.1578604925,0.0538673031,0.0509146564,0.0068264710,0.0509146564,0.0068264710,0.0000000000,0.0000000000,0.0000000000,0.0000000000,0.0921760199,0.0368131231,0.0720428442,0.0000000000,0.0000000000,0.0000000000,0.1876928375,0.0741657237,0.1303833792
JN_TS_006_tumour_inv_tile_8794_11849,tumour_inv,JN_TS_006_tile_8794_11849,/mnt/c/Apps/QuPath-v0.6.0-Windows/projects/JN_HandE_QuPath/tiles_manual/JN_TS_006/JN_TS_006_tile_8794_11849_cl.png,7921,7921,3,3,0,0.2333878558,0.1677914084,0.0666427055,0.3091121442,0.1572898014,0.0657760847,0.2064540234,0.2172735018,0.0543201324,0.2600621895,0.2046670797,0.0572230732,0.2044372704,0.2306888487,0.0594694100,0.2482004706,0.2018488866,0.0553551136,0.1903143036,0.2086583365,0.0478095992,0.3121883355,0.1905969961,0.0504324292,0.2182060167,0.1957164574,0.0509409408,0.3225983354,0.1739449031,0.0385933466,0.2128176884,0.1893793099,0.0558633954,0.3262998692,0.1781708604,0.0374688766,0.2006102215,0.2101678719,0.0541033919,0.2998761765,0.1974804867,0.0377618515,0.2167725150,0.2072402843,0.0506961895,0.2835790219,0.2046921793,0.0370198100,0.2275751837,0.2063764061,0.0464487202,0.2922405877,0.1937797004,0.0335794020,0.0068392539,0.0002262568,0.0068392539,0.0002262568,0.0132756493,0.0026769345,0.0132756493,0.0026769345,0.0022580570,0.0097279821,0.0022580570,0.0097279821,0.0181452429,0.0194403273,0.0181452429,0.0194403273,0.0094773878,0.0107155329,0.0094773878,0.0107155329,0.0091889911,0.0233310694,0.0091889911,0.0233310694,0.0430735522,0.0134591944,0.0137687463,0.0321966827,0.0114813265,0.0178862371,0.0780993986,0.0269456379,0.0286093135
JN_TS_007_tumour_inv_tile_14235_10857,tumour_inv,JN_TS_007_tile_14235_10857,/mnt/c/Apps/QuPath-v0.6.0-Windows/projects/JN_HandE_QuPath/tiles_manual/JN_TS_007/JN_TS_007_tile_14235_10857_cl.png,7921,7921,3,3,0,0.0761715163,0.4403813705,0.0562362259,0.0102030246,0.2516130051,0.1653948577,0.1171365300,0.3945285877,0.0847992898,0.0166029856,0.2825338772,0.1043987298,0.1204621499,0.4147156221,0.0873395891,0.0179419192,0.2610748106,0.0984659091,0.0866691336,0.3922679082,0.0598025886,0.0097680229,0.2803089108,0.1711834360,0.1327311534,0.3008944525,0.1011058110,0.0138783730,0.3238362060,0.1275540041,0.1255982296,0.3545270960,0.0983209126,0.0172899958,0.2924956685,0.1117680975,0.0673572371,0.4039396809,0.0418226297,0.0110511364,0.2651776286,0.2106516873,0.0854101408,0.3624155221,0.0634404438,0.0152325508,0.2678976914,0.2056036511,0.1104713326,0.3133185549,0.0883862775,0.0145850551,0.2939530246,0.1792857553,0.0421112750,0.0168438285,0.0421112750,0.0168438285,0.0513425622,0.0566506075,0.0513425622,0.0566506075,0.0387284450,0.0115752512,0.0387284450,0.0115752512,0.0062649287,0.0012930623,0.0062649287,0.0012930623,0.0168079864,0.0106022172,0.0168079864,0.0106022172,0.0525700731,0.0757605324,0.0525700731,0.0757605324,0.0653739163,0.0237663505,0.0350520091,0.1121857782,0.0432274285,0.0675176578,0.0081738963,0.0030822690,0.0055518492
JN_TS_007_tumour_inv_tile_5132_8984,tumour_inv,JN_TS_007_tile_5132_8984,/mnt/c/Apps/QuPath-v0.6.0-Windows/projects/JN_HandE_QuPath/tiles_manual/JN_TS_007/JN_TS_007_tile_5132_8984_cl.png,7921,7921,3,3,0,0.0445311065,0.4897101699,0.0173424587,0.0070500459,0.2720265152,0.1693397039,0.0648166156,0.3818191858,0.0324364910,0.0070152490,0.3357840522,0.1781284064,0.0702025941,0.3655963039,0.0336489899,0.0088677973,0.3248900941,0.1967942206,0.0652159134,0.2717109566,0.0253998715,0.0121501842,0.4137805067,0.2117425677,0.0781065655,0.3475732418,0.0444255608,0.0067066377,0.3681734498,0.1550145443,0.0801534371,0.3672730715,0.0518610949,0.0091432596,0.3159386367,0.1756305004,0.0531145259,0.1362768308,0.0141019571,0.0410765324,0.4440310778,0.3113990760,0.0506784046,0.1641171274,0.0093793386,0.0458815244,0.4708769348,0.2590666701,0.0617450069,0.2484083735,0.0161103937,0.0184595960,0.4564772727,0.1987993572,0.0164131641,0.0046707929,0.0164131641,0.0046707929,0.0278599306,0.2294411093,0.0278599306,0.2294411093,0.0149253971,0.0146120834,0.0149253971,0.0146120834,0.0079353699,0.0274948535,0.0079353699,0.0274948535,0.0108440321,0.1462282080,0.0108440321,0.1462282080,0.0404190898,0.0750009242,0.0404190898,0.0750009242,0.0356223305,0.0121165380,0.0170880682,0.1563845317,0.0496699458,0.0361120673,0.0391748867,0.0152918960,0.0114095500
JN_TS_008_tumour_inv_tile_11465_1362,tumour_inv,JN_TS_008_tile_11465_1362,/mnt/c/Apps/QuPath-v0.6.0-Windows/projects/JN_HandE_QuPath/tiles_manual/JN_TS_008/JN_TS_008_tile_11465_1362_cl.png,7921,7921,3,3,0,0.1081931531,0.2562845787,0.0341848887,0.3432323232,0.2325179350,0.0255871212,0.1009428821,0.1749304384,0.0280912591,0.5405041995,0.1441146604,0.0114165605,0.1011860078,0.1837336433,0.0222623967,0.4823118974,0.1922903753,0.0182156795,0.1113521623,0.2563869000,0.0372525903,0.3568602056,0.2170037176,0.0211444242,0.1234121414,0.2018731216,0.0106563825,0.4025050750,0.1844908895,0.0770623900,0.1149634838,0.1957188794,0.0212081053,0.4553909504,0.1913805319,0.0213380492,0.1216277835,0.3443682564,0.0739811467,0.1149174989,0.2936154155,0.0514898990,0.1184095786,0.3585717072,0.0863452778,0.0673021870,0.3032812984,0.0660899510,0.1467673898,0.2970323978,0.1321852043,0.0875358701,0.2802023072,0.0562768308,0.0072479275,0.0254942363,0.0072479275,0.0254942363,0.0601849382,0.1283412337,0.0601849382,0.1283412337,0.0100790269,0.0693243615,0.0100790269,0.0693243615,0.0700762300,0.3654309548,0.0700762300,0.3654309548,0.0264212846,0.1027253501,0.0264212846,0.1027253501,0.0007969616,0.0395457732,0.0007969616,0.0395457732,0.0458245077,0.0139997300,0.0134346304,0.0656458295,0.0240831218,0.0351324066,0.4732020126,0.1809218599,0.3404734515
JN_TS_008_tumour_inv_tile_12324_13069,tumour_inv,JN_TS_008_tile_12324_13069,/mnt/c/Apps/QuPath-v0.6.0-Windows/projects/JN_HandE_QuPath/tiles_manual/JN_TS_008/JN_TS_008_tile_12324_13069_cl.png,7921,7921,3,3,0,0.1172067264,0.4495655418,0.0520016931,0.0709509871,0.2605149506,0.0497601010,0.1064923181,0.4594411552,0.0524317866,0.0688280954,0.2759401570,0.0368664877,0.1308838384,0.3854724805,0.1008214245,0.0513389578,0.2885431015,0.0429401974,0.1026143678,0.3847155290,0.0681243044,0.0459764724,0.2845177447,0.1140515817,0.1147675494,0.4417520528,0.0728987348,0.0458949766,0.2878790333,0.0368076531,0.1312259762,0.4008327309,0.0684696740,0.0609316375,0.2736489277,0.0648910537,0.0589781336,0.1575261134,0.0512840048,0.0211174242,0.1560776802,0.5550166437,0.1251540394,0.3848754489,0.0813378484,0.0470789875,0.2973877836,0.0641658922,0.0692379764,0.1380181072,0.0374958391,0.0572527835,0.1482891414,0.5497061524,0.0175161877,0.0337375778,0.0175161877,0.0337375778,0.0224946219,0.2046865026,0.0224946219,0.2046865026,0.0117923118,0.0117124040,0.0117923118,0.0117124040,0.0104928316,0.0218896150,0.0104928316,0.0218896150,0.0031235984,0.0744145346,0.0031235984,0.0744145346,0.0204303076,0.3464406341,0.0204303076,0.3464406341,0.0722478425,0.0259768446,0.0225396716,0.5182089906,0.2190412048,0.0711113843,0.0498335629,0.0150059279,0.0149551651
JN_TS_008_tumour_inv_tile_16883_9274,tumour_inv,JN_TS_008_tile_16883_9274,/mnt/c/Apps/QuPath-v0.6.0-Windows/projects/JN_HandE_QuPath/tiles_manual/JN_TS_008/JN_TS_008_tile_16883_9274_cl.png,7921,7921,3,3,0,0.0368058425,0.5193138774,0.0213214532,0.0520216368,0.2676140668,0.1029231233,0.0295149048,0.5232648331,0.0154472594,0.0433216585,0.2879603972,0.1004909470,0.0459725092,0.5089180154,0.0225642792,0.0331133781,0.2906927227,0.0987390955,0.0522192294,0.4965147499,0.0312575299,0.0462735075,0.2850535839,0.0886813994,0.0748108821,0.4420036700,0.0366159652,0.0680213756,0.2882694343,0.0902786729,0.0849615045,0.4872877296,0.0324224353,0.0636356465,0.2750387250,0.0566539591,0.0883136765,0.4138857323,0.0408244376,0.0712979224,0.2873504936,0.0983277376,0.0922255975,0.4435693550,0.0343773307,0.0857045942,0.2791937742,0.0649293484,0.1268873393,0.4214271981,0.0536136938,0.0751078972,0.2707432277,0.0522206439,0.0268275348,0.0650444523,0.0268275348,0.0650444523,0.0040271388,0.0908714801,0.0040271388,0.0908714801,0.0050656625,0.0231608234,0.0050656625,0.0231608234,0.0007546183,0.0345512468,0.0007546183,0.0345512468,0.0011811563,0.0029932304,0.0011811563,0.0029932304,0.0274395206,0.0288918119,0.0274395206,0.0288918119,0.0973724345,0.0315170077,0.0423411674,0.0507024793,0.0201074549,0.0338097471,0.0525912161,0.0171283966,0.0250244149
JN_TS_008_tumour_inv_tile_8556_3508,tumour_inv,JN_TS_008_tile_8556_3508,/mnt/c/Apps/QuPath-v0.6.0-Windows/projects/JN_HandE_QuPath/tiles_manual/JN_TS_008/JN_TS_008_tile_8556_3508_cl.png,7921,7921,3,3,0,0.1174140553,0.3867731290,0.0602070420,0.0711286157,0.3067296545,0.0577475034,0.1562799043,0.2901506546,0.1657078643,0.0500613863,0.2840485984,0.0537515920,0.1922948232,0.2622865014,0.1952759125,0.0451314279,0.2693236341,0.0356877009,0.1779423829,0.2656608206,0.1666606428,0.0451714227,0.2902691244,0.0542956066,0.0752997793,0.4135961603,0.0655727316,0.0528129440,0.2615610216,0.1311573631,0.1695721891,0.2425015490,0.2122796978,0.0519153099,0.2678007355,0.0559305187,0.0533132461,0.4168286559,0.0442091368,0.0489960686,0.2816691058,0.1549837867,0.0623040802,0.3532643741,0.0601653127,0.0461277868,0.2863112859,0.1918271603,0.0850675792,0.3363165748,0.0612207300,0.0507452365,0.2639533115,0.2026965680,0.0327549691,0.0884346258,0.0327549691,0.0884346258,0.0760526601,0.0557331066,0.0760526601,0.0557331066,0.0658998396,0.0851985464,0.0658998396,0.0851985464,0.0058347109,0.0068174460,0.0058347109,0.0068174460,0.0258634012,0.0093893946,0.0258634012,0.0093893946,0.0090959636,0.1341069062,0.0090959636,0.1341069062,0.1389815771,0.0540237277,0.0942724098,0.1670088671,0.0660520436,0.1006881802,0.0259971878,0.0079477768,0.0057875231
JN_TS_009_tumour_inv_tile_10116_4876,tumour_inv,JN_TS_009_tile_10116_4876,/mnt/c/Apps/QuPath-v0.6.0-Windows/projects/JN_HandE_QuPath/tiles_manual/JN_TS_009/JN_TS_009_tile_10116_4876_cl.png,7921,7921,3,3,0,0.1425228134,0.3480709079,0.0633327594,0.0675886708,0.2525974231,0.1258874254,0.1447382764,0.3740280025,0.0517767604,0.0889774305,0.2423911110,0.0980884192,0.1386096763,0.3933407943,0.0463719582,0.0954294364,0.2415392562,0.0847088786,0.1557244157,0.3287230503,0.0556567186,0.0964384473,0.2397733010,0.1236840671,0.1641130508,0.3247805948,0.0533590466,0.1021644670,0.2351171296,0.1204657112,0.1590065746,0.3428291338,0.0455002983,0.1131502932,0.2404393710,0.0990743291,0.1831779442,0.2986598944,0.0443210514,0.1324212293,0.2272262397,0.1141936410,0.1359571673,0.3006266279,0.0425748396,0.0949522679,0.2405673069,0.1853217904,0.1290046775,0.3665774219,0.0344137397,0.1083518423,0.2641091311,0.0975431876,0.0182680816,0.0074230076,0.0182680816,0.0074230076,0.0424311658,0.0498585868,0.0424311658,0.0498585868,0.0123415111,0.0133906158,0.0123415111,0.0133906158,0.0068277415,0.0279099339,0.0068277415,0.0279099339,0.0088302648,0.0015417042,0.0088302648,0.0015417042,0.0274795794,0.0294579653,0.0274795794,0.0294579653,0.0541732668,0.0168236231,0.0203968983,0.1006129119,0.0293893513,0.0255956479,0.0648325585,0.0177817300,0.0133995744
JN_TS_009_tumour_inv_tile_13939_13227,tumour_inv,JN_TS_009_tile_13939_13227,/mnt/c/Apps/QuPath-v0.6.0-Windows/projects/JN_HandE_QuPath/tiles_manual/JN_TS_009/JN_TS_009_tile_13939_13227_cl.png,7921,7921,3,3,0,0.0764434114,0.4225546660,0.0359122475,0.0488399621,0.2724296947,0.1438200184,0.0710136197,0.4309983592,0.0371457380,0.0537558948,0.2681882723,0.1388981160,0.0541876148,0.3566962236,0.0411844295,0.0209496958,0.2494253616,0.2775566747,0.0621500407,0.4461560417,0.0263081879,0.0386472640,0.2528900325,0.1738484332,0.0485916534,0.4041294755,0.0211622248,0.0410736757,0.2581811790,0.2268617916,0.0756597593,0.3431891329,0.0501649398,0.0392487924,0.3012561243,0.1904812514,0.0419771579,0.4253226871,0.0199725953,0.0299865129,0.2638759757,0.2188650712,0.0357826179,0.4097031944,0.0161691221,0.0272562333,0.2605779491,0.2505108832,0.0871364210,0.3806691919,0.0327535296,0.0582087925,0.2949292642,0.1463028007,0.0121377283,0.0122494830,0.0121377283,0.0122494830,0.0711596154,0.0018152749,0.0711596154,0.0018152749,0.0139699561,0.0151157226,0.0139699561,0.0151157226,0.0003111806,0.0026980047,0.0003111806,0.0026980047,0.0188050158,0.0097799535,0.0188050158,0.0097799535,0.0259357347,0.0184679820,0.0259357347,0.0184679820,0.0513538031,0.0174447301,0.0270681059,0.1386585587,0.0500892029,0.0805589909,0.0372590966,0.0123875188,0.0188534493
JN_TS_009_tumour_inv_tile_15794_3470,tumour_inv,JN_TS_009_tile_15794_3470,/mnt/c/Apps/QuPath-v0.6.0-Windows/projects/JN_HandE_QuPath/tiles_manual/JN_TS_009/JN_TS_009_tile_15794_3470_cl.png,7921,7921,3,3,0,0.1374097509,0.3120709940,0.0922146178,0.0435251664,0.2422273875,0.1725520833,0.1411203573,0.3168261563,0.0894900348,0.0498901357,0.2530663029,0.1496070130,0.1398859332,0.3186413854,0.0901027319,0.0510890152,0.2461047980,0.1541761364,0.1402071644,0.3037170264,0.0862945051,0.0709044726,0.2251391232,0.1737377084,0.1449868464,0.3131419733,0.0853525673,0.0839865225,0.2349225743,0.1376095162,0.1460555001,0.3098623972,0.0846372185,0.0792991922,0.2125170677,0.1676286244,0.1445303891,0.3186994949,0.0799698691,0.0929640152,0.2069989669,0.1568372647,0.1411920703,0.3186638727,0.0729613438,0.0894051266,0.2050861703,0.1726914162,0.1574494949,0.2932828283,0.0837244605,0.0894808884,0.2187418216,0.1573205062,0.0070812079,0.0082519710,0.0070812079,0.0082519710,0.0042336348,0.0056307799,0.0042336348,0.0056307799,0.0000048604,0.0117172370,0.0000048604,0.0117172370,0.0041584805,0.0424485710,0.0041584805,0.0424485710,0.0009994032,0.0368571765,0.0009994032,0.0368571765,0.0080005965,0.0035046515,0.0080005965,0.0035046515,0.0200397440,0.0058755559,0.0047796820,0.0361281922,0.0123767765,0.0183759470,0.0494388487,0.0193079552,0.0383161115
JN_TS_009_tumour_inv_tile_16638_17084,tumour_inv,JN_TS_009_tile_16638_17084,/mnt/c/Apps/QuPath-v0.6.0-Windows/projects/JN_HandE_QuPath/tiles_manual/JN_TS_009/JN_TS_009_tile_16638_17084_cl.png,7921,7921,3,3,0,0.0409234389,0.4983570076,0.0120827594,0.0195220673,0.2660660583,0.1630486685,0.0827297970,0.4136115510,0.0284726286,0.0352051851,0.2803146478,0.1596661905,0.1268485996,0.3993557736,0.0524368687,0.0463544536,0.2714203111,0.1035839933,0.0742042729,0.4149894439,0.0307211169,0.0263581001,0.2838630053,0.1698640609,0.0660732420,0.4252056773,0.0231826177,0.0258431649,0.2835659849,0.1761293132,0.1028745425,0.3977374560,0.0460493328,0.0300579154,0.2879287001,0.1353520533,0.0735898760,0.4082069272,0.0351794938,0.0156285870,0.2831268652,0.1842682507,0.0925252143,0.4284201347,0.0538059505,0.0201045862,0.2887148176,0.1164292968,0.1035020661,0.4130162420,0.0531044823,0.0235670627,0.2946552169,0.1121549300,0.0481692068,0.0063717736,0.0481692068,0.0063717736,0.0371479690,0.0205603428,0.0371479690,0.0205603428,0.0245357712,0.0163658900,0.0245357712,0.0163658900,0.0128235591,0.0139271567,0.0128235591,0.0139271567,0.0069827664,0.0162319609,0.0069827664,0.0162319609,0.0553633345,0.0044821250,0.0553633345,0.0044821250,0.0859251607,0.0250556521,0.0292846664,0.0806842573,0.0303044379,0.0534347642,0.0307258666,0.0093378737,0.0099533292
JN_TS_010_tumour_inv_tile_11151_13664,tumour_inv,JN_TS_010_tile_11151_13664,/mnt/c/Apps/QuPath-v0.6.0-Windows/projects/JN_HandE_QuPath/tiles_manual/JN_TS_010/JN_TS_010_tile_11151_13664_cl.png,7921,7921,3,3,0,0.2013303489,0.3011997819,0.0597688533,0.1981077824,0.2089633551,0.0306298783,0.1726653127,0.3769259234,0.0572004119,0.1232284029,0.2488537400,0.0211262091,0.1720985422,0.3533093721,0.0656539830,0.1275558138,0.2505841081,0.0307981807,0.1820866752,0.2849098711,0.0631966197,0.1911476082,0.2286919268,0.0499672989,0.1596341214,0.3526874509,0.0721084704,0.0905113650,0.2833912148,0.0416673776,0.1944544365,0.3308018657,0.0791838778,0.1116737232,0.2525372047,0.0313488922,0.1793467344,0.2713601928,0.0664241850,0.1834706439,0.2526573978,0.0467408460,0.1809118734,0.3243365117,0.0576843310,0.1346968836,0.2635972084,0.0387731920,0.1953142218,0.2967256371,0.0592903466,0.1692620810,0.2529762110,0.0264315025,0.0002988527,0.0031595419,0.0002988527,0.0031595419,0.0411223430,0.0463375786,0.0411223430,0.0463375786,0.0049128498,0.0002585381,0.0049128498,0.0002585381,0.0547448055,0.0128458698,0.0547448055,0.0128458698,0.0219282813,0.0202765380,0.0219282813,0.0202765380,0.0129198159,0.0097970908,0.0129198159,0.0097970908,0.0416962276,0.0132272458,0.0217891237,0.0288410898,0.0095907392,0.0110374992,0.1075964174,0.0385928239,0.0602422410
JN_TS_011_tumour_inv_tile_10063_5647,tumour_inv,JN_TS_011_tile_10063_5647,/mnt/c/Apps/QuPath-v0.6.0-Windows/projects/JN_HandE_QuPath/tiles_manual/JN_TS_011/JN_TS_011_tile_10063_5647_cl.png,7921,7921,3,3,0,0.1029281451,0.3416144399,0.0544137397,0.0402202422,0.2936482725,0.1671751607,0.1002119835,0.3055296433,0.0415338543,0.0650307505,0.2868365117,0.2008572568,0.1166738407,0.3497648359,0.0551944157,0.0567174587,0.2851971419,0.1364523072,0.1251214818,0.3294664269,0.0608500281,0.0449948654,0.2932903916,0.1462768063,0.1279719324,0.3172485667,0.0656617654,0.0495151100,0.2862529124,0.1533497131,0.1075741799,0.3593145101,0.0488262022,0.0509859098,0.2862180590,0.1470811389,0.1039307851,0.3617450069,0.0410680670,0.0485396579,0.2968883437,0.1478281393,0.1044375982,0.3431108223,0.0484796852,0.0586097151,0.2978118940,0.1475502851,0.1019250746,0.3605297291,0.0508465335,0.0569102961,0.2954621499,0.1343262167,0.0019357723,0.0031735038,0.0019357723,0.0031735038,0.0122610672,0.0228255465,0.0122610672,0.0228255465,0.0004882278,0.0035825747,0.0004882278,0.0035825747,0.0102862997,0.0006970726,0.0102862997,0.0006970726,0.0056498856,0.0081601539,0.0056498856,0.0081601539,0.0144734812,0.0249266945,0.0144734812,0.0249266945,0.0277599489,0.0104928790,0.0137456956,0.0665310401,0.0201522492,0.0070729068,0.0248105083,0.0076279584,0.0083706382
JN_TS_011_tumour_inv_tile_11860_2956,tumour_inv,JN_TS_011_tile_11860_2956,/mnt/c/Apps/QuPath-v0.6.0-Windows/projects/JN_HandE_QuPath/tiles_manual/JN_TS_011/JN_TS_011_tile_11860_2956_cl.png,7921,7921,3,3,0,0.1267722681,0.3036281853,0.0491848887,0.0125606921,0.4107070707,0.0971468951,0.1397665600,0.2664482290,0.0565710589,0.0106291522,0.4175034135,0.1090815864,0.1434515611,0.2600360135,0.0669724231,0.0114066804,0.3918877697,0.1262455521,0.1316548197,0.2975834165,0.0693292256,0.0225794006,0.3681641768,0.1106889608,0.1427906799,0.2821467492,0.0823258490,0.0196125210,0.3355085198,0.1376156812,0.1494123840,0.2854566108,0.0810715064,0.0185002237,0.3483484504,0.1172108246,0.1567309458,0.3065774219,0.0896375689,0.0317012454,0.3049826389,0.1103701791,0.1516125377,0.2974044210,0.0883609859,0.0352176632,0.2914341732,0.1359702190,0.1635508494,0.3050806359,0.0958113809,0.0418035468,0.2936042241,0.1001493629,0.0137522536,0.0206346479,0.0137522536,0.0206346479,0.0190719212,0.0263166837,0.0190719212,0.0263166837,0.0119012091,0.0336938550,0.0119012091,0.0336938550,0.0016230376,0.0247086436,0.0016230376,0.0247086436,0.0166711474,0.1100257393,0.0166711474,0.1100257393,0.0084665683,0.0046719091,0.0084665683,0.0046719091,0.0367785813,0.0116720516,0.0118459778,0.0404687861,0.0145211396,0.0171639657,0.0311743947,0.0112131938,0.0191405533
JN_TS_011_tumour_inv_tile_12975_8638,tumour_inv,JN_TS_011_tile_12975_8638,/mnt/c/Apps/QuPath-v0.6.0-Windows/projects/JN_HandE_QuPath/tiles_manual/JN_TS_011/JN_TS_011_tile_12975_8638_cl.png,7921,7921,3,3,0,0.0945257978,0.3496491908,0.0477990129,0.0895269456,0.3301345845,0.0883644685,0.1130762854,0.2939581827,0.0974104448,0.0454185455,0.3325705942,0.1175659472,0.0398139061,0.4436910296,0.0235778237,0.0491612144,0.3428317264,0.1009242998,0.0718535220,0.4403219052,0.0340626542,0.0482368651,0.2993779617,0.1061470919,0.0811255418,0.3721871384,0.0541910321,0.0520562286,0.3343829092,0.1060571499,0.0656697130,0.4431278900,0.0401345909,0.0477348743,0.3033712265,0.0999617053,0.1053401917,0.3644028352,0.0529954373,0.0645422980,0.2932478191,0.1194714187,0.1045239407,0.3423959875,0.0859809760,0.0380649547,0.3284161188,0.1006180223,0.0522255223,0.4901439107,0.0255687557,0.0472325528,0.2963284837,0.0885007748,0.0380034567,0.0048912218,0.0380034567,0.0048912218,0.0741962997,0.0365481101,0.0741962997,0.0365481101,0.0151919780,0.0014140374,0.0151919780,0.0014140374,0.0193924890,0.0114223000,0.0193924890,0.0114223000,0.0065903571,0.0291814945,0.0065903571,0.0291814945,0.0081987331,0.0005785001,0.0081987331,0.0005785001,0.0732623793,0.0254964041,0.0388542276,0.0311069502,0.0108761392,0.0061853866,0.0514619909,0.0151843931,0.0048236758
JN_TS_011_tumour_inv_tile_14964_6017,tumour_inv,JN_TS_011_tile_14964_6017,/mnt/c/Apps/QuPath-v0.6.0-Windows/projects/JN_HandE_QuPath/tiles_manual/JN_TS_011/JN_TS_011_tile_14964_6017_cl.png,7921,7921,3,3,0,0.1467539027,0.2897133264,0.1010171315,0.0354655934,0.3450020087,0.0820480372,0.1463608539,0.2957720905,0.0907206292,0.0500325577,0.3348361502,0.0822777185,0.1714399679,0.2584468262,0.1063626320,0.0441052571,0.3746933827,0.0449519341,0.1941664372,0.3037589068,0.1193110105,0.0640386734,0.2673840832,0.0513408890,0.2052280175,0.2749897812,0.1235129316,0.0625237907,0.2815375631,0.0522079158,0.2108427134,0.2361951109,0.1282398483,0.0758228346,0.3100112733,0.0388882196,0.1699850781,0.3044751492,0.1009504132,0.0621398646,0.2725414658,0.0899080292,0.1761497022,0.3082785446,0.1135316627,0.0602155118,0.2895719310,0.0522526476,0.1904370409,0.2770913682,0.1124814910,0.0913201618,0.2803069043,0.0483630337,0.0206047681,0.0240056989,0.0206047681,0.0240056989,0.0420713590,0.0153042730,0.0420713590,0.0153042730,0.0086018054,0.0096210581,0.0086018054,0.0096210581,0.0165347074,0.0280240433,0.0165347074,0.0280240433,0.0266946675,0.0707037469,0.0266946675,0.0707037469,0.0303645893,0.0062513264,0.0303645893,0.0062513264,0.0644818595,0.0232227019,0.0241813591,0.0510198096,0.0189724635,0.0336850034,0.0558545684,0.0166169549,0.0140061157
JN_TS_012_tumour_inv_tile_10912_14661,tumour_inv,JN_TS_012_tile_10912_14661,/mnt/c/Apps/QuPath-v0.6.0-Windows/projects/JN_HandE_QuPath/tiles_manual/JN_TS_012/JN_TS_012_tile_10912_14661_cl.png,7921,7921,3,3,0,0.3640515955,0.0665317952,0.0126799242,0.5302977215,0.0246015553,0.0018374082,0.3197235035,0.0843727410,0.0173581231,0.5279855541,0.0465666701,0.0039934081,0.2542177456,0.1162660698,0.0183367769,0.4903835227,0.1056767964,0.0151190886,0.3484531514,0.0935884307,0.0118759538,0.5019500189,0.0401601207,0.0039723245,0.3674547279,0.0713394250,0.0144620389,0.5188114321,0.0253122598,0.0026201164,0.2643296846,0.1323895907,0.0138909447,0.5069324923,0.0763679965,0.0060892912,0.2870121671,0.1227787821,0.0197252353,0.3222866449,0.0657466713,0.1824504993,0.4156215219,0.0783359437,0.0207577479,0.4505912017,0.0304164802,0.0042771046,0.2502281336,0.0897989842,0.0178917011,0.4399830693,0.0685563017,0.1335418101,0.0769137834,0.0049563260,0.0769137834,0.0049563260,0.0185185455,0.0079143680,0.0185185455,0.0079143680,0.0019461031,0.0033332867,0.0019461031,0.0033332867,0.0275882330,0.1119352942,0.0275882330,0.1119352942,0.0400309157,0.0040418562,0.0400309157,0.0040418562,0.0111700140,0.0997731697,0.0111700140,0.0997731697,0.1653933883,0.0586510986,0.0997219109,0.1806130911,0.0684938960,0.0111467641,0.2080110767,0.0660381138,0.0682202304
JN_TS_012_tumour_inv_tile_12422_7452,tumour_inv,JN_TS_012_tile_12422_7452,/mnt/c/Apps/QuPath-v0.6.0-Windows/projects/JN_HandE_QuPath/tiles_manual/JN_TS_012/JN_TS_012_tile_12422_7452_cl.png,7921,7921,3,3,0,0.4041005223,0.0801285583,0.0220071453,0.4506307392,0.0392297980,0.0039032369,0.3940604454,0.0772757392,0.0238317958,0.4731331681,0.0278936181,0.0038052333,0.4523697199,0.0688956325,0.1311469812,0.3057707759,0.0365115645,0.0053053260,0.3015233268,0.0783517205,0.0128251466,0.5636712161,0.0402349890,0.0033936009,0.3523674454,0.0759188580,0.0197138847,0.5117559712,0.0360920853,0.0041517554,0.3498843987,0.0709976994,0.0420566418,0.4828157092,0.0490733251,0.0051722259,0.3168381256,0.0749362948,0.0182130969,0.5253152261,0.0620243629,0.0026728937,0.3481931201,0.0787986357,0.0107470483,0.4991730061,0.0601998784,0.0028883114,0.3280238464,0.0715686697,0.0147824839,0.5544312443,0.0278687443,0.0033250115,0.0359386635,0.0858251985,0.0359386635,0.0858251985,0.0073181907,0.0003321099,0.0073181907,0.0003321099,0.0449802394,0.0444144311,0.0449802394,0.0444144311,0.0655331507,0.1164615977,0.0655331507,0.1164615977,0.0093451720,0.0154860017,0.0093451720,0.0154860017,0.0012776106,0.0013758599,0.0012776106,0.0013758599,0.1508463931,0.0477441640,0.0660365990,0.0026324323,0.0009189920,0.0008267439,0.2579004402,0.0766498248,0.0521820580
JN_TS_012_tumour_inv_tile_12561_12024,tumour_inv,JN_TS_012_tile_12561_12024,/mnt/c/Apps/QuPath-v0.6.0-Windows/projects/JN_HandE_QuPath/tiles_manual/JN_TS_012/JN_TS_012_tile_12561_12024_cl.png,7921,7921,3,3,0,0.3489237546,0.1188408230,0.0563792757,0.1960426710,0.1324454775,0.1473679982,0.5842344784,0.1178715879,0.0544561002,0.1530166776,0.0821200934,0.0083010625,0.4748738809,0.1048480544,0.0436336375,0.2908631772,0.0701691632,0.0156120868,0.4122131481,0.1444373688,0.0527675467,0.2425942022,0.1263054628,0.0216822714,0.5527423335,0.1132339032,0.0351961560,0.2172491545,0.0721764285,0.0094020242,0.5050461545,0.1018144814,0.0401460650,0.2916703957,0.0558692759,0.0054536275,0.2871712867,0.1690052514,0.0361930383,0.2447154787,0.2103419135,0.0525730315,0.4278649329,0.1203760915,0.0271654447,0.3357268252,0.0787762613,0.0100904444,0.5105463728,0.0854730544,0.0341041093,0.3287312041,0.0374088900,0.0037363694,0.1473860729,0.0608165071,0.1473860729,0.0608165071,0.0467159510,0.0110979773,0.0467159510,0.0110979773,0.0091520163,0.0190021404,0.0091520163,0.0190021404,0.0759708084,0.0897503274,0.0759708084,0.0897503274,0.1018818415,0.0139307769,0.1018818415,0.0139307769,0.0656070724,0.0349604341,0.0656070724,0.0349604341,0.2970631917,0.0963181751,0.0983332247,0.1436316288,0.0462909566,0.0133812089,0.1827101477,0.0613818639,0.0744212412
JN_TS_013_tumour_inv_tile_18392_16717,tumour_inv,JN_TS_013_tile_18392_16717,/mnt/c/Apps/QuPath-v0.6.0-Windows/projects/JN_HandE_QuPath/tiles_manual/JN_TS_013/JN_TS_013_tile_18392_16717_cl.png,7921,7921,3,3,0,0.2284804006,0.1065373910,0.0236367941,0.5777477904,0.0541784320,0.0094191919,0.2091415384,0.1011071047,0.0227757507,0.5906854899,0.0585463208,0.0177437954,0.2385408058,0.1033225723,0.0214577594,0.5710692149,0.0549720213,0.0106376263,0.1951860521,0.1188315376,0.0189753938,0.6016426572,0.0573794075,0.0079849518,0.2166494310,0.0985952305,0.0198819163,0.6113992482,0.0462863811,0.0071877929,0.1777510527,0.0969149083,0.0168859649,0.6555961929,0.0455497803,0.0073021009,0.1878077652,0.1306785181,0.0171632518,0.5946804695,0.0612756830,0.0083943124,0.2005979427,0.0918293117,0.0185548690,0.6411194967,0.0425861703,0.0053122096,0.1733626033,0.1016537534,0.0131353306,0.6563999369,0.0486672119,0.0067811639,0.0072732520,0.0381314779,0.0072732520,0.0381314779,0.0180520709,0.0043981717,0.0180520709,0.0043981717,0.0027654616,0.0063389509,0.0027654616,0.0063389509,0.0363314759,0.0508991360,0.0363314759,0.0508991360,0.0078815030,0.0050559030,0.0078815030,0.0050559030,0.0003591883,0.0057709759,0.0003591883,0.0057709759,0.0651782025,0.0222202376,0.0288416659,0.0124315858,0.0036296080,0.0022313990,0.0853307220,0.0324496953,0.0504340069
JN_TS_013_tumour_inv_tile_19191_11788,tumour_inv,JN_TS_013_tile_19191_11788,/mnt/c/Apps/QuPath-v0.6.0-Windows/projects/JN_HandE_QuPath/tiles_manual/JN_TS_013/JN_TS_013_tile_19191_11788_cl.png,7921,7921,3,3,0,0.0273889463,0.1844811754,0.0025375918,0.6000020087,0.1481149564,0.0374753214,0.0238173098,0.2038654722,0.0023339701,0.5870733079,0.1506677911,0.0322421489,0.0242044020,0.1959461088,0.0030727732,0.5769379878,0.1829785067,0.0168602215,0.0335747192,0.1773757071,0.0037445642,0.6289974241,0.1188038564,0.0375037291,0.0241963985,0.1775056807,0.0016715697,0.6496583956,0.1224273217,0.0245406337,0.0168935665,0.2426007997,0.0012686023,0.4976159742,0.2286083095,0.0130127477,0.0580658861,0.2131587179,0.0064471419,0.5357803891,0.1398987029,0.0466491621,0.0165123404,0.1990007516,0.0011138458,0.6151717382,0.1365738988,0.0316274253,0.0382641758,0.2017371155,0.0027189509,0.5847500574,0.1542683942,0.0182613062,0.0132224691,0.0124772481,0.0132224691,0.0124772481,0.0217561412,0.0098679428,0.0217561412,0.0098679428,0.0018896572,0.0007785345,0.0018896572,0.0007785345,0.0351586008,0.0094370399,0.0351586008,0.0094370399,0.0530125649,0.0170067528,0.0530125649,0.0170067528,0.0244979790,0.0033200673,0.0244979790,0.0033200673,0.0415535458,0.0128899457,0.0097574094,0.0336364144,0.0112379717,0.0192140152,0.1520424214,0.0465917875,0.0382337504
JN_TS_013_tumour_inv_tile_19986_8421,tumour_inv,JN_TS_013_tile_19986_8421,/mnt/c/Apps/QuPath-v0.6.0-Windows/projects/JN_HandE_QuPath/tiles_manual/JN_TS_013/JN_TS_013_tile_19986_8421_cl.png,7921,7921,3,3,0,0.0749576733,0.1158528466,0.0062660698,0.7234062213,0.0630696166,0.0164475723,0.0609335020,0.1318399826,0.0056765114,0.6976096635,0.0865591259,0.0173812146,0.0541942149,0.1759215737,0.0075289830,0.5869189050,0.1582765152,0.0171598083,0.0845536011,0.1060392356,0.0061076498,0.7369541209,0.0525796588,0.0137657338,0.0543193497,0.1517399365,0.0062759494,0.6556100384,0.1056106907,0.0264440354,0.0541108740,0.1176522897,0.0054332610,0.7216953232,0.0808391564,0.0202690957,0.0440660870,0.1259606003,0.0033613120,0.7257552801,0.0869121614,0.0139445592,0.0355911443,0.1632561415,0.0036744289,0.6407514658,0.1303896596,0.0263371599,0.0401931244,0.1533587293,0.0036531508,0.6586710859,0.1136375115,0.0304863981,0.0183597161,0.0234116782,0.0183597161,0.0234116782,0.0330266367,0.0063203561,0.0330266367,0.0063203561,0.0002934544,0.0029275575,0.0002934544,0.0029275575,0.0729434361,0.0057476807,0.0729434361,0.0057476807,0.0500639154,0.0076780249,0.0500639154,0.0076780249,0.0079191456,0.0065931740,0.0079191456,0.0065931740,0.0489624568,0.0158798712,0.0168674150,0.0167206642,0.0060647108,0.0098895876,0.1500352160,0.0505483683,0.0677961829
JN_TS_001_tumour_lep_tile_11121_12254,tumour_lep,JN_TS_001_tile_11121_12254,/mnt/c/Apps/QuPath-v0.6.0-Windows/projects/JN_HandE_QuPath/tiles_manual/JN_TS_001/JN_TS_001_tile_11121_12254_cl.png,7921,7921,3,3,0,0.0711474116,0.1118823175,0.0269630969,0.2170070018,0.1388339360,0.4341662362,0.0931565752,0.1398081535,0.0296769761,0.2634038702,0.1365945521,0.3373598729,0.0743649564,0.1293306646,0.0202898301,0.2732848370,0.1405624426,0.3621672693,0.0956856046,0.1124938327,0.0298423462,0.2308962399,0.1153573314,0.4157246452,0.0933902672,0.1545586226,0.0340894705,0.2627611855,0.1462561153,0.3089443390,0.0823977660,0.1323216068,0.0257927151,0.2611513660,0.1355763714,0.3627601746,0.0955377640,0.1630249943,0.0325251090,0.2936594640,0.1510824151,0.2641702537,0.0830966806,0.1812893704,0.0167710807,0.3813118883,0.1458356281,0.1916953519,0.0634895833,0.1430310204,0.0185135445,0.2578018825,0.1405899908,0.3765739784,0.0140394915,0.0011516949,0.0140394915,0.0011516949,0.0057607158,0.0354414165,0.0057607158,0.0354414165,0.0082448208,0.0030400563,0.0082448208,0.0030400563,0.0168917932,0.0596925086,0.0168917932,0.0596925086,0.0038183742,0.0071723678,0.0038183742,0.0071723678,0.0041865709,0.1004179315,0.0041865709,0.1004179315,0.0321960213,0.0118439229,0.0190253108,0.2424708844,0.0755478404,0.0676296394,0.1643048865,0.0469136555,0.0154829545
JN_TS_003_tumour_lep_tile_21656_15546,tumour_lep,JN_TS_003_tile_21656_15546,/mnt/c/Apps/QuPath-v0.6.0-Windows/projects/JN_HandE_QuPath/tiles_manual/JN_TS_003/JN_TS_003_tile_21656_15546_cl.png,7921,7921,3,3,0,0.0815741219,0.1585953283,0.0205153811,0.2940680957,0.2164880337,0.2287590393,0.0847868117,0.1248085264,0.0301495646,0.1627002226,0.1380823093,0.4594725655,0.0647229396,0.1033755165,0.0235145489,0.1705169594,0.1734948921,0.4643751435,0.0734752389,0.1290342845,0.0239525604,0.2301504251,0.2167895827,0.3265979083,0.1103296243,0.1593541166,0.0393236817,0.1925720310,0.1732690493,0.3251514972,0.1074515507,0.1482210882,0.0339692839,0.2538747949,0.1807784873,0.2757047950,0.0982314624,0.1505452250,0.0363629190,0.1661159894,0.1794989669,0.3692454373,0.1125654022,0.1369427903,0.0429904880,0.1691687320,0.1867044164,0.3516281711,0.0886748163,0.1129008838,0.0394599403,0.1591761364,0.1602743343,0.4395138889,0.0025228278,0.0227959359,0.0025228278,0.0227959359,0.0245591164,0.0045365093,0.0245591164,0.0045365093,0.0053709709,0.0148779509,0.0053709709,0.0148779509,0.0355888732,0.0442748066,0.0355888732,0.0442748066,0.0327429566,0.0005291725,0.0327429566,0.0005291725,0.0849971475,0.0025935830,0.0849971475,0.0025935830,0.0478424626,0.0169234617,0.0258774288,0.2356161042,0.0821027960,0.1143623917,0.1348919594,0.0484007002,0.0640344357
JN_TS_007_tumour_lep_tile_3888_13879,tumour_lep,JN_TS_007_tile_3888_13879,/mnt/c/Apps/QuPath-v0.6.0-Windows/projects/JN_HandE_QuPath/tiles_manual/JN_TS_007/JN_TS_007_tile_3888_13879_cl.png,7921,7921,3,3,0,0.0291462925,0.1771302514,0.0148235193,0.0212644915,0.2700153524,0.4876200930,0.0089923755,0.0776232602,0.0093619841,0.0090097300,0.1003789313,0.7946337189,0.0297372876,0.1275962753,0.0215765611,0.0230720558,0.2710288969,0.5269889233,0.0161494728,0.1225310661,0.0174294058,0.0232401638,0.1709604087,0.6496894829,0.0237704414,0.1549632173,0.0215094709,0.0293018619,0.2473868730,0.5230681355,0.0246038576,0.1440377841,0.0214182243,0.0283002306,0.2474312416,0.5342086618,0.0270613809,0.1513207358,0.0244190484,0.0248844984,0.2378081956,0.5345061410,0.0225551616,0.1378327482,0.0283567404,0.0235450874,0.1907407089,0.5969695535,0.0238446970,0.2026331497,0.0210581669,0.0270171889,0.2518820305,0.4735647670,0.0019428987,0.0018617613,0.0019428987,0.0018617613,0.0077617186,0.0364789489,0.0077617186,0.0364789489,0.0024603263,0.0093572971,0.0024603263,0.0093572971,0.0030001072,0.0073668325,0.0030001072,0.0073668325,0.0305194041,0.0130025848,0.0305194041,0.0130025848,0.0456844549,0.0680674246,0.0456844549,0.0680674246,0.0207449122,0.0065834947,0.0045062192,0.3210689519,0.1001306397,0.0739014180,0.0202921319,0.0059772803,0.0039451331
JN_TS_012_tumour_lep_tile_6457_12399,tumour_lep,JN_TS_012_tile_6457_12399,/mnt/c/Apps/QuPath-v0.6.0-Windows/projects/JN_HandE_QuPath/tiles_manual/JN_TS_012/JN_TS_012_tile_6457_12399_cl.png,7921,7921,3,3,0,0.1952437730,0.1135171315,0.0619295225,0.1428496614,0.1851683023,0.3012916093,0.2882670419,0.1277632440,0.0641954379,0.1540347148,0.1806887026,0.1850508588,0.3697087351,0.1657126664,0.0618692608,0.1936454029,0.1681555613,0.0409083735,0.1866149186,0.1479342363,0.0533454098,0.2279076739,0.2494072206,0.1347905408,0.2281462580,0.1290508039,0.0410729588,0.1693388031,0.1910352306,0.2413559457,0.3701859087,0.1539455039,0.0469783025,0.2298879557,0.1497497218,0.0492526075,0.1539448462,0.1357981807,0.0330985996,0.2091243400,0.2158007633,0.2522332702,0.2644392620,0.1518643937,0.0463338898,0.2137217021,0.2204284419,0.1032123105,0.2914114153,0.1826374541,0.0322509183,0.2632006141,0.1985449667,0.0319546315,0.1651675071,0.0478080088,0.1651675071,0.0478080088,0.0350153586,0.0211023288,0.0350153586,0.0211023288,0.0024250168,0.0254369378,0.0024250168,0.0254369378,0.0356174325,0.0651722924,0.0356174325,0.0651722924,0.0446420122,0.0335872019,0.0446420122,0.0335872019,0.1887332692,0.0466168764,0.1887332692,0.0466168764,0.2162410625,0.0773113853,0.0961676423,0.2693369777,0.1008156788,0.1921033382,0.1203509527,0.0392044528,0.0585688708
